age,s_adj,sex,unit,geo\time	2020Q4 	2020Q3 	2020Q2 	2020Q1 	2019Q4 	2019Q3 	2019Q2 	2019Q1 	2018Q4 	2018Q3 	2018Q2 	2018Q1 	2017Q4 	2017Q3 	2017Q2 	2017Q1 	2016Q4 	2016Q3 	2016Q2 	2016Q1 	2015Q4 	2015Q3 	2015Q2 	2015Q1 	2014Q4 	2014Q3 	2014Q2 	2014Q1 	2013Q4 	2013Q3 	2013Q2 	2013Q1 	2012Q4 	2012Q3 	2012Q2 	2012Q1 	2011Q4 	2011Q3 	2011Q2 	2011Q1 	2010Q4 	2010Q3 	2010Q2 	2010Q1 	2009Q4 	2009Q3 	2009Q2 	2009Q1 	2008Q4 	2008Q3 	2008Q2 	2008Q1 	2007Q4 	2007Q3 	2007Q2 	2007Q1 	2006Q4 	2006Q3 	2006Q2 	2006Q1 
Y20-64,NSA,F,I06,AT	99.1 	99.9 	93.2 	106.1 	113.1 	103.3 	110.4 	112.1 	109.5 	100.5 	110.1 	109.3 	108.4 	99.1 	107.8 	110.8 	107.2 	99.7 	110.5 	106.0 	103.7 	99.4 	105.9 	103.9 	106.5 	97.3 	104.7 	106.1 	105.4 	97.7 	106.9 	104.5 	104.0 	97.9 	104.3 	106.7 	103.6 	97.5 	105.9 	107.1 	102.7 	97.6 	104.7 	103.9 	100.1 	98.6 	104.3 	101.3 	104.3 	99.8 	108.2 	103.6 	103.5 	97.9 	102.5 	104.4 	102.7 	95.6 	100.7 	100.9 
Y20-64,NSA,F,I06,BE	109.7 	102.0 	100.1 	113.6 	117.8 	102.1 	118.4 	119.4 	118.0 	102.5 	113.3 	116.6 	112.8 	98.2 	113.9 	117.7 b	122.0 	109.0 	123.2 	126.6 	121.1 	108.0 	122.3 	123.0 	125.8 	108.1 	122.1 	121.0 	117.9 	107.7 	121.1 	118.0 	116.3 	104.1 	115.2 	118.8 	114.0 	101.7 	117.3 	115.0 	114.8 	99.6 	111.5 	121.3 	112.5 	98.8 	108.0 	111.1 	110.3 	100.2 	112.0 	111.4 	111.3 	95.2 	108.2 	108.1 	103.4 	87.9 	102.0 	106.8 
Y20-64,NSA,F,I06,BG	93.1 	97.3 	87.9 	96.4 	99.5 	99.0 	101.5 	99.9 	97.6 	96.4 	98.7 	97.9 	98.4 	98.4 	99.9 	96.5 	96.1 	93.9 	95.0 	94.8 	98.6 	97.7 	96.5 	94.8 	97.0 	96.2 	95.0 	92.8 	94.3 	96.4 	94.1 	92.5 	93.7 	95.5 	93.9 	95.0 	99.0 	95.7 	95.7 	95.6 b	99.4 	99.3 	100.0 	97.2 b	101.2 	100.8 	103.0 	100.6 	107.4 	107.3 	108.7 	107.5 	108.5 	103.1 	104.6 	100.4 	103.8 	99.8 	100.8 	95.6 
Y20-64,NSA,F,I06,CY	121.7 	113.1 	96.0 	116.3 	126.2 	117.0 	125.2 	121.2 	126.2 	115.1 	122.5 	120.2 	120.7 	109.9 	116.2 	113.5 	116.4 	107.2 	114.6 	109.4 	115.9 	103.5 	112.3 	108.7 	115.8 	106.6 	113.5 	112.1 	114.1 	104.6 	112.3 	115.8 	125.2 	111.7 	120.6 	125.6 	126.9 	110.2 	127.0 	123.8 	125.6 	107.8 	123.6 	118.6 	117.5 	105.7 	114.2 	109.8 b	112.3 	101.4 	110.0 	111.5 	113.6 	100.9 	109.0 	107.6 	106.6 	92.0 	100.1 	101.2 
Y20-64,NSA,F,I06,CZ	90.7 	94.7 	93.3 	102.4 	104.5 	94.7 	106.3 	109.5 	107.5 	93.6 	108.6 	107.6 	104.7 	89.7 	104.5 	109.8 	102.8 	90.4 	111.4 	106.9 	95.5 	92.4 	105.5 	102.3 	98.7 	90.4 	100.8 	101.0 	97.7 	87.4 	101.2 	99.0 	99.1 	84.5 	100.6 	103.7 	97.1 	86.2 	102.2 	103.8 b	97.0 	88.2 	103.9 	103.0 	98.7 	90.5 	102.9 	101.2 	101.9 	96.0 	106.5 	104.6 	102.1 	91.7 	104.6 	104.6 	101.1 	91.1 	102.9 	104.9 
Y20-64,NSA,F,I06,DE	: 	: 	: 	: 	114.9 	107.5 	109.5 	113.0 	112.0 	107.7 	109.1 	111.0 	110.5 	105.8 	107.7 	111.3 	112.7 	105.2 	110.2 	109.4 	108.5 	102.9 	105.8 	106.0 	107.0 	102.6 	104.5 	106.2 	104.9 	100.6 	104.3 	104.6 	104.3 	100.1 	102.8 	105.2 	105.0 	99.5 	102.3 	104.8 	105.0 	99.3 	102.7 	103.6 b	105.9 	99.0 	101.7 	102.3 	105.9 	101.9 	102.9 	102.6 	104.7 	99.5 	100.4 	101.7 	102.9 	97.9 	99.5 	99.7 
Y20-64,NSA,F,I06,DK	109.5 	96.9 	99.7 	105.3 	108.4 	97.2 	103.1 	109.4 	106.3 	98.0 	112.0 	106.1 	104.3 	93.5 	104.4 	108.1 b	102.1 	93.7 	107.3 	102.7 b	105.6 	92.1 	103.1 	101.1 	101.4 	90.4 	102.3 	102.9 	101.8 	91.4 	105.2 	99.7 	101.2 	89.6 	102.5 	104.9 	100.0 	90.5 	100.8 	104.1 	98.1 	91.5 	104.7 	99.9 	99.8 	93.1 	102.7 	104.8 	105.2 	94.8 	107.1 	102.3 b	104.8 	94.5 	102.2 	107.1 	102.8 	90.9 	100.0 	106.4 
Y20-64,NSA,F,I06,EE	87.1 	79.4 	77.7 	86.5 	89.2 	79.9 	88.4 	89.7 	87.8 	79.5 	89.2 	89.0 	92.9 	84.8 	87.2 	92.1 	89.1 	81.2 	90.3 	89.0 	90.6 	83.0 	89.2 	89.8 	90.9 	82.1 	90.1 	88.1 	91.5 	81.2 	90.9 	88.7 	89.3 	80.5 	91.6 	91.7 	91.7 	85.7 	88.3 	88.0 	88.0 	77.5 	84.2 	88.6 	86.8 	79.2 	88.9 	92.3 	97.4 	94.9 	100.9 	99.3 	99.4 	94.8 	99.8 	101.9 	101.4 	94.5 	102.4 	101.7 
Y20-64,NSA,F,I06,EL	81.9 	89.3 	67.7 	82.0 	91.9 	91.7 	94.7 	86.7 	88.0 	89.5 	90.7 	83.7 	86.5 	87.4 	90.8 	84.7 	85.5 	86.3 	88.9 	84.3 	86.9 	86.2 	87.9 	81.7 	84.8 	82.6 	85.1 	80.8 	81.4 	81.5 	84.6 	81.1 	85.0 	85.3 	88.8 	88.5 	91.8 	93.7 	98.2 	96.1 	98.9 	98.1 	103.7 	98.1 	101.0 	100.0 	103.9 	100.0 b	103.6 	99.4 	105.2 	99.3 	101.6 	98.3 	101.2 	97.3 	100.5 	100.0 	101.4 	98.1 
Y20-64,NSA,F,I06,ES	105.1 	92.3 	81.8 	107.6 	112.2 	100.2 	112.3 	110.8 	109.1 	99.9 	112.4 	107.2 	104.7 	95.3 	106.4 	106.0 	103.5 	95.0 	107.7 	102.3 	103.1 	92.1 	102.3 	98.4 	100.9 	88.7 	99.4 	98.1 	98.7 	89.2 	100.4 	96.4 	97.4 	90.6 	102.3 	103.2 	101.6 	94.5 	107.1 	106.6 	103.0 	95.0 	108.8 	104.7 	105.2 	94.6 	107.1 	105.9 	109.3 	98.5 	113.3 	106.4 	106.3 	96.1 	107.1 	106.2 	102.4 	92.9 	102.4 	102.2 
Y20-64,NSA,F,I06,EU27_2020	103.7 	98.2 	91.6 	104.9 	110.0 	101.1 	108.8 	109.6 	108.4 	100.7 	108.7 	107.6 	107.1 	98.8 	107.0 	108.1 	106.3 	98.1 	108.3 	105.7 	104.5 	96.7 	104.8 	102.7 	104.4 	95.7 	102.8 	102.5 	102.0 	94.4 	102.4 	100.8 	101.7 	94.4 	102.5 	103.8 	102.6 	94.7 	103.8 	104.1 	102.6 	95.5 	104.4 	103.6 	103.5 	96.0 	104.5 	103.5 	106.3 	98.3 	107.1 	104.2 	105.2 	96.5 	103.6 	103.3 	102.6 	94.3 	101.5 	101.5 
Y20-64,NSA,F,I06,FI	103.1 	94.2 	95.9 	107.1 	104.5 	94.6 	102.7 	107.4 	104.6 	94.5 	104.2 	104.7 	103.3 	91.7 	99.4 	104.4 	101.4 	90.1 	102.3 	101.7 	101.7 	94.0 	98.0 	100.6 	103.1 	93.2 	98.6 	102.7 	100.7 	90.4 	100.7 	101.1 	101.7 	93.1 	99.7 	105.7 	105.6 	91.2 	101.5 	103.8 	104.6 	92.3 	103.8 	104.0 	103.6 	93.7 	100.2 	103.7 	106.6 	96.8 	106.5 	103.6 	106.0 	92.8 	100.5 	105.6 	103.2 	91.8 	99.8 	105.2 
Y20-64,NSA,F,I06,FR	114.5 	97.4 	94.2 	112.3 	116.6 	100.6 	115.5 	117.3 	115.8 	99.7 	113.0 	116.0 	115.1 	96.5 	112.7 	116.9 	110.3 	97.0 	114.8 	116.6 	109.7 	96.1 	110.9 	112.3 	111.5 	94.8 	109.4 	112.0 b	107.8 	93.6 	106.2 	109.2 	108.9 	91.5 	107.0 	113.5 	106.6 	90.3 	108.5 	111.8 	104.8 	92.2 	108.6 	112.6 	103.9 	90.8 	106.4 	108.2 	109.2 	91.7 	108.6 	108.4 	107.9 	90.6 	104.5 	106.6 	105.2 	86.2 	102.2 	106.4 
Y20-64,NSA,F,I06,HR	99.8 	95.5 	90.8 	97.4 	104.0 	100.7 	101.7 	105.0 	100.3 	95.5 	104.4 	103.4 	103.0 	97.1 	100.7 	97.1 	98.8 	89.1 	99.6 	95.2 	98.3 	94.9 	100.7 	97.7 	100.8 	99.4 	101.5 	96.9 	99.6 	98.3 	105.9 	98.3 	96.3 	101.9 	104.7 	102.5 	103.3 	104.8 	103.4 	105.5 	111.6 	108.1 	106.4 	108.9 	111.4 	112.6 	113.9 	107.7 	108.3 	110.2 	112.2 	104.5 	106.4 	107.3 	109.8 	103.0 	101.5 	101.5 	98.5 	98.5 
Y20-64,NSA,F,I06,HU	103.4 	105.3 	97.2 	109.9 	109.3 	106.7 	107.8 	112.3 	102.1 	106.5 	113.0 	109.9 	102.8 	109.7 	110.4 	114.7 	109.9 	107.9 	113.4 	109.1 	104.3 	101.7 	105.1 	107.3 	102.8 	102.1 	102.3 	103.9 	99.5 	93.6 	98.9 	96.9 	93.3 	94.2 	100.5 	98.5 	99.4 	92.1 	97.9 	97.7 	100.1 	93.0 	99.7 	99.4 	98.6 	91.0 	99.2 	97.9 	100.6 	94.1 	100.0 	100.2 	101.2 	93.1 	100.4 	101.5 	102.8 	93.5 	101.2 	102.5 
Y20-64,NSA,F,I06,IE	112.9 	111.0 	95.9 	119.7 	121.5 	118.0 	123.5 	124.5 	120.2 	115.6 	123.2 	116.2 	117.1 	113.4 b	117.3 	117.9 	112.3 	109.2 	115.2 	111.8 	108.2 	103.9 	107.2 	105.8 	106.8 	101.3 	104.0 	102.8 	102.1 	98.1 	101.8 	99.5 	97.9 	94.7 	97.9 	98.7 	97.1 	93.2 	99.9 	99.9 	94.8 	95.5 	102.1 	102.5 	98.9 	100.5 	104.8 	102.8 	110.1 	103.8 	111.7 	104.8 	112.9 	103.3 	108.4 	104.2 b	105.8 	96.4 	100.8 	97.0 
Y20-64,NSA,F,I06,IS	116.1 b	110.4 	112.7 	122.4 	130.4 	109.4 	126.2 	126.7 	125.1 	114.6 	124.0 	123.0 	123.6 	109.9 	122.4 	125.7 	123.8 	116.0 	120.7 	119.9 	121.6 	109.3 	122.3 	120.2 	117.2 	108.4 	115.0 	113.0 	113.1 	98.7 	107.3 	106.1 	108.7 	100.6 	107.2 	108.5 	106.2 	94.6 	105.2 	113.8 	105.5 	91.4 	105.8 	106.7 	108.3 	91.1 	104.7 	107.3 	110.3 	99.4 	109.2 	108.8 	107.0 	90.8 	105.5 	107.5 	104.0 	92.5 	99.3 	104.1 
Y20-64,NSA,F,I06,IT	101.0 	93.5 	85.6 	97.9 	109.3 	97.0 	111.6 	109.3 	108.3 	96.8 	112.1 	107.5 	108.5 	95.7 	108.9 	107.3 	105.2 	93.7 	109.6 	104.0 	102.9 	91.3 	105.9 	100.5 	104.0 	90.5 	103.5 	101.1 	102.1 	91.0 	104.5 	101.6 	102.8 	91.9 	105.9 	103.5 	104.0 	92.0 	107.2 	104.9 	103.3 	90.7 	106.6 	103.8 	101.7 	89.9 	105.8 	101.7 	105.8 	92.4 	107.9 	104.1 	104.1 	90.8 	105.2 	103.1 	102.4 	89.7 	104.6 	103.3 
Y20-64,NSA,F,I06,LT	89.5 	88.1 	82.2 	90.1 	96.3 	92.9 	95.9 	95.8 	97.3 	93.5 	94.6 	94.8 	94.3 	90.1 	97.4 	96.2 	98.2 	94.2 	97.5 	97.9 	95.6 	89.3 	96.7 	94.5 	93.2 	88.3 	93.1 	90.9 	91.4 	85.9 	92.2 	90.8 	91.1 	87.2 	93.3 	90.7 	91.6 	85.9 	91.9 	88.8 	93.9 	91.6 	92.9 	93.0 	97.4 	91.9 	96.9 	98.6 	103.0 	99.1 	104.1 	103.7 	105.3 	98.6 	103.6 	103.0 	103.2 	94.5 	101.6 	100.7 
Y20-64,NSA,F,I06,LU	179.2 	167.6 	162.9 	172.1 	177.7 	161.3 	177.4 	173.9 	173.7 	164.2 	165.0 	171.6 	160.3 	152.3 	158.9 	166.3 	154.4 	150.5 	150.3 	156.9 	153.1 	131.2 	150.6 	151.0 b	147.2 	128.5 	136.5 	138.3 	127.2 	112.0 	139.2 	132.7 	131.0 	114.8 	125.6 	132.2 	116.6 	100.8 	120.1 	120.4 	117.2 	105.2 	119.7 	109.8 	115.5 	99.3 	114.7 	111.3 b	97.6 	85.4 	109.8 	106.4 	116.5 	98.7 	101.8 	115.0 b	100.0 	100.0 	100.0 	100.0 
Y20-64,NSA,F,I06,LV	73.1 	75.2 	69.6 	75.4 	80.0 	79.3 	76.0 	78.1 	81.4 	77.2 	81.3 	83.4 	81.4 	76.8 	78.7 	81.6 	83.4 	77.6 	82.0 	82.5 	80.8 	78.6 	83.9 	83.1 	81.6 	79.4 	84.8 	84.6 	83.9 	80.7 	84.5 	84.6 	85.4 	81.0 	81.4 	82.1 	84.0 	82.8 	83.4 	83.4 	85.0 	83.3 	81.0 	84.7 	86.9 	84.3 	90.3 	93.2 	96.6 	95.1 	100.4 	99.6 	103.1 	101.8 	101.1 	97.3 	100.7 	101.0 	100.3 	97.9 
Y20-64,NSA,F,I06,MK	138.0 	131.2 	111.5 	129.3 	145.5 	140.9 	143.1 	141.0 	136.8 	137.1 	140.0 	131.8 	134.0 	135.8 	140.5 	133.7 	135.0 	129.7 	127.3 	131.4 	132.0 	130.1 	132.7 	129.5 	129.4 	129.9 	126.7 	120.7 	123.9 	126.7 	129.2 	125.9 	118.8 	116.6 	118.1 	115.9 	111.2 	117.5 	118.0 	117.6 	114.1 	114.0 	111.1 	99.5 	111.7 	110.0 	114.5 	100.4 	107.9 	107.9 	111.6 	108.8 	107.3 	106.7 	110.4 	107.9 	102.8 	105.1 	97.9 	94.2 
Y20-64,NSA,F,I06,MT	240.5 	217.3 	210.6 	238.7 	239.9 	216.2 	239.6 	241.2 	217.6 	204.2 	220.7 	206.8 	198.8 	181.1 	192.9 	193.7 	180.3 	178.4 	189.6 	174.2 	163.7 	151.4 	173.7 	156.4 	153.9 	157.1 	160.0 	150.5 	153.4 	145.0 	145.2 	140.6 	145.0 	126.8 	137.3 	135.7 	124.1 	112.7 	125.5 	126.0 	122.9 	117.1 	117.2 	125.4 	125.1 	113.7 	119.8 	114.5 	109.7 	116.5 	120.9 	110.4 	105.4 	102.4 	110.2 	105.9 	99.1 	96.2 	105.8 	98.9 
Y20-64,NSA,F,I06,NL	132.5 	117.6 	119.7 	125.3 	134.5 	117.4 	129.0 	125.0 	132.1 	113.9 	121.8 	119.4 	128.1 	112.3 	120.1 	117.8 	124.4 	107.6 	115.1 	114.5 	119.0 	103.6 	111.6 	112.1 	119.4 	102.1 	111.6 	109.6 	118.6 	101.9 	111.0 	108.8 	118.0 	101.5 	110.8 	110.8 	116.6 	99.9 	110.4 	111.0 	115.4 	100.1 	106.6 	109.3 	114.5 	99.6 	110.5 	110.4 	115.4 	99.1 	109.1 	104.7 	111.8 	95.4 	104.8 	102.9 	107.7 	90.5 	101.4 	100.5 
Y20-64,NSA,F,I06,NO	116.0 	101.6 	114.2 	119.5 	120.0 	102.0 	115.9 	123.2 	118.9 	101.8 	120.5 	118.5 	119.0 	100.1 	114.9 	125.4 	120.1 	98.8 	118.2 	118.6 	115.1 	102.0 	115.6 	117.2 	117.2 	99.4 	114.2 	118.6 	115.8 	95.9 	116.9 	112.5 	113.0 	98.1 	110.2 	118.3 	115.6 	93.1 	109.1 	117.6 	109.7 	91.0 	110.1 	110.6 	104.9 	92.9 	107.8 	111.8 	112.1 	97.1 	114.4 	105.9 	108.8 	90.6 	101.5 	108.8 	104.7 	88.7 	98.7 	107.9 
Y20-64,NSA,F,I06,PL	105.5 	105.4 	93.4 	102.6 	105.5 	105.9 	105.5 	109.0 	105.6 	106.5 	107.8 	108.7 	106.9 	104.6 	110.0 	110.9 	109.5 	106.9 	112.1 	107.1 	108.7 	106.6 	110.6 	105.9 	107.9 	104.2 	106.0 	104.2 	103.8 	102.8 	103.7 	102.0 	103.8 	103.1 	104.4 	104.9 	103.8 	103.3 	105.5 	104.7 	104.2 	103.3 	105.2 	102.3 b	107.2 	106.4 	110.0 	106.9 	108.5 	106.4 	110.2 	106.7 	105.7 	105.1 	104.7 	102.8 	102.2 	101.5 	99.1 	97.2 
Y20-64,NSA,F,I06,PT	94.8 	86.4 	70.0 	95.8 	101.2 	90.5 	99.6 	100.8 	99.0 	90.8 	101.0 	99.5 	95.3 	88.0 	97.0 	99.2 	92.6 	84.4 	96.0 	95.4 	94.3 	86.6 	96.2 	93.0 	94.1 	84.6 	92.6 	93.3 	93.2 	81.0 	90.9 	88.1 	89.2 	82.0 	93.1 	96.1 	93.4 	86.4 	98.1 	97.4 b	96.1 	92.4 	101.7 	102.2 	98.5 	89.9 	100.0 	101.4 	101.1 	92.7 	102.8 	100.5 	100.7 	91.8 	99.4 	102.8 	98.7 	93.6 	103.3 	104.4 
Y20-64,NSA,F,I06,RO	86.0 	86.5 	76.0 	84.9 	89.1 	90.2 	90.7 	86.2 	88.2 	90.4 	90.6 	85.9 	88.0 	92.0 	93.2 	86.6 	86.5 	88.4 	88.4 	84.8 	86.2 	88.5 	88.9 	82.9 	87.7 	90.5 	90.3 	86.0 	86.9 	89.7 	91.7 	85.0 	87.6 	91.5 	92.0 	86.0 	87.5 	91.1 	91.5 	86.4 	87.4 	93.0 	93.9 	85.9 b	94.6 	99.5 	100.4 	94.2 	96.8 	101.6 	101.1 	95.2 	97.9 	101.7 	102.7 	96.7 	95.7 	104.4 	103.7 	96.1 
Y20-64,NSA,F,I06,SE	120.2 	99.2 	116.6 	120.1 	125.3 	101.5 	120.8 	124.9 	126.8 	104.3 b	125.2 	123.0 	125.4 	104.4 	119.6 	123.3 	122.4 	102.1 	122.8 	117.7 	117.1 	99.5 	116.4 	114.6 	118.6 	100.4 	113.1 	114.6 	117.4 	96.6 	113.3 	112.4 	115.0 	96.3 	110.4 	115.0 	115.3 	95.2 	111.3 	113.4 	110.7 	92.3 	108.5 	108.5 	105.9 	92.5 	104.7 	107.2 	111.1 	90.5 	112.1 	106.0 	110.7 	90.7 	104.5 	108.1 	107.5 	87.5 	100.0 	105.0 
Y20-64,NSA,F,I06,SI	97.5 	90.9 	85.8 	100.2 	102.7 	93.2 	101.2 	100.5 	102.6 	91.6 	99.8 	101.4 	101.2 	87.7 	97.7 	100.7 	97.9 	87.4 	100.5 	96.3 	98.3 	86.2 	94.1 	93.7 	94.7 	84.8 	97.3 	97.4 	94.3 	85.6 	97.7 	97.4 	99.9 	89.5 	94.1 	99.2 	101.1 	87.4 	99.2 	97.0 	103.3 	87.5 	100.8 	98.4 	104.5 	88.0 	99.1 	102.2 	105.4 	91.6 	105.4 	104.0 	104.7 	94.2 	104.5 	102.6 	99.8 	92.4 	105.4 	102.4 
Y20-64,NSA,F,I06,SK	101.3 	99.3 	86.8 	101.7 	112.4 	99.4 	110.6 	112.9 	110.8 	95.9 	109.4 	108.2 	107.1 	95.3 	108.0 	110.1 	107.6 	92.2 	111.1 	105.0 	107.0 	91.9 	104.3 	98.9 	102.0 	89.3 	102.0 	101.2 	103.4 	92.9 	103.6 	100.7 	99.9 	92.2 	102.6 	102.6 	100.0 	90.4 	103.2 	103.4 b	102.0 	93.1 	105.5 	102.3 	102.6 	94.9 	103.1 	101.2 	108.4 	99.8 	109.5 	105.0 	104.7 	95.9 	104.0 	105.7 	102.1 	92.9 	102.1 	102.8 
Y20-64,NSA,F,I06,TR	142.7 	142.2 	106.7 	143.1 	163.6 	155.1 	160.5 	156.6 	163.1 	154.6 	166.6 	157.7 	164.3 	153.1 	161.0 	148.3 	149.6 	140.4 	160.6 	145.9 	150.8 	139.2 	153.5 	135.8 	137.7 	137.7 	146.5 	132.1 b	138.8 	128.2 	147.7 	128.8 	137.0 	137.3 	140.9 	119.2 	114.0 	132.4 	131.4 	110.5 	117.9 	110.8 	123.2 	99.1 	107.0 	111.5 	109.6 	87.6 	102.0 	111.2 	110.9 	89.2 	93.1 	107.5 	109.1 	80.3 	99.2 	111.2 	107.8 	81.9 
Y20-64,NSA,F,I06,UK	: 	105.8 	98.7 	119.4 	119.5 	116.6 	120.4 	121.4 	116.5 	114.4 	118.3 	117.1 	114.2 	111.8 	115.6 	118.3 	112.4 	109.4 	115.8 	113.1 	110.2 	106.9 	110.2 	110.9 	110.9 	106.2 	109.4 	109.2 	107.3 	102.6 	106.9 	105.7 	104.1 	100.3 	102.7 	104.7 	100.0 	98.2 	101.7 	105.4 	99.6 	97.7 	101.3 	101.3 	102.3 	96.6 	101.5 	102.1 	103.3 	98.9 	102.9 	98.6 b	105.1 	97.5 	100.7 	98.9 b	104.0 	96.1 	100.2 	99.8 
Y20-64,NSA,M,I06,AT	92.3 	95.5 	87.1 	94.5 	104.3 	99.5 	103.5 	101.4 	101.4 	98.6 	102.9 	98.9 	99.4 	95.6 	100.8 	99.7 	98.3 	97.0 	102.9 	96.4 	95.0 	96.5 	99.3 	93.6 	99.7 	95.3 	97.9 	93.9 	98.1 	94.5 	99.8 	94.6 	97.7 	95.6 	99.9 	97.8 	98.5 	96.2 	101.1 	98.7 	96.8 	96.1 	100.1 	95.3 	95.9 	96.5 	99.5 	93.8 	102.5 	99.9 	106.8 	99.7 	102.1 	101.3 	103.2 	101.0 	101.7 	98.6 	102.0 	97.7 
Y20-64,NSA,M,I06,BE	93.5 	89.4 	84.2 	99.5 	99.6 	90.8 	104.4 	102.2 	99.6 	89.1 	100.5 	102.3 	98.0 	88.5 	100.9 	103.9 b	109.1 	101.9 	112.8 	111.5 	107.2 	100.7 	109.3 	110.3 	112.2 	99.2 	110.1 	109.6 	109.4 	102.2 	115.1 	108.4 	106.2 	100.1 	109.4 	112.0 	106.8 	97.4 	113.0 	109.5 	106.8 	98.8 	108.7 	110.7 	105.4 	92.7 	101.6 	103.8 	107.4 	95.5 	109.2 	106.3 	105.8 	95.5 	106.6 	107.7 	102.9 	90.7 	102.6 	103.9 
Y20-64,NSA,M,I06,BG	98.0 	100.3 	91.3 	98.1 	101.8 	102.9 	101.8 	99.8 	99.5 	99.6 	98.9 	98.4 	100.2 	101.2 	101.1 	96.6 	97.2 	95.8 	94.9 	95.4 	98.4 	99.4 	96.3 	93.5 	95.2 	97.9 	94.8 	92.7 	94.4 	96.7 	93.4 	91.3 	94.5 	96.9 	94.0 	92.8 	96.9 	98.4 	95.7 	94.9 b	99.0 	102.1 	102.5 	98.2 b	101.1 	100.6 	101.3 	99.6 	108.9 	110.2 	109.4 	107.1 	109.9 	105.7 	103.4 	101.4 	104.7 	101.2 	100.2 	93.9 
Y20-64,NSA,M,I06,CY	104.1 	99.2 	83.4 	102.1 	108.8 	100.9 	106.4 	104.3 	105.7 	98.8 	102.4 	98.9 	98.7 	93.2 	98.8 	95.6 	96.2 	87.2 	94.1 	88.3 	90.6 	87.4 	91.1 	86.5 	92.1 	86.7 	90.8 	88.6 	92.2 	87.7 	90.3 	93.2 	101.9 	93.6 	99.6 	99.2 	102.0 	92.8 	104.4 	103.7 	107.1 	93.3 	106.1 	99.3 	103.4 	94.0 	102.3 	98.1 b	107.7 	99.7 	105.5 	103.5 	107.6 	97.4 	105.8 	105.3 	104.6 	93.2 	101.3 	100.9 
Y20-64,NSA,M,I06,CZ	87.0 	94.0 	90.7 	97.1 	97.4 	93.6 	100.1 	101.9 	100.3 	91.6 	101.6 	100.7 	99.4 	91.2 	99.8 	103.9 	96.8 	90.3 	105.7 	100.3 	91.8 	93.8 	101.0 	97.9 	95.5 	92.9 	99.4 	97.8 	95.6 	91.4 	99.3 	96.1 	97.0 	89.0 	100.4 	100.8 	95.6 	90.9 	104.0 	101.7 b	97.2 	94.5 	104.9 	101.8 	99.6 	96.5 	104.2 	101.4 	104.0 	101.2 	107.9 	104.5 	102.9 	96.6 	103.9 	103.4 	100.7 	95.9 	102.2 	101.2 
Y20-64,NSA,M,I06,DE	: 	: 	: 	: 	101.9 	96.8 	98.4 	100.4 	100.2 	97.2 	99.0 	99.6 	99.7 	97.7 	98.4 	100.5 	101.9 	97.6 	100.3 	99.4 	99.5 	94.6 	96.1 	96.1 	98.6 	94.7 	96.0 	96.5 	97.6 	93.3 	97.4 	95.2 	97.4 	95.1 	96.5 	98.0 	98.9 	94.9 	97.0 	98.0 	98.1 	94.4 	97.3 	95.5 b	98.8 	94.8 	96.3 	96.6 	102.6 	100.6 	101.9 	99.5 	103.2 	99.7 	100.5 	99.5 	103.3 	98.8 	99.4 	98.5 
Y20-64,NSA,M,I06,DK	100.3 	91.2 	93.1 	97.6 	100.4 	91.4 	96.9 	100.9 	100.4 	92.8 	103.0 	97.3 	98.9 	89.0 	97.8 	99.8 b	97.1 	90.5 	101.0 	95.0 b	100.0 	88.8 	98.1 	94.6 	96.1 	86.2 	96.4 	94.6 	94.3 	85.6 	98.1 	92.5 	94.3 	85.5 	94.9 	96.4 	96.5 	88.4 	98.0 	97.4 	95.3 	88.5 	97.5 	94.0 	95.8 	85.9 	96.0 	96.4 	100.6 	93.1 	107.4 	97.5 b	101.6 	92.0 	101.3 	104.3 	102.3 	92.3 	101.0 	104.5 
Y20-64,NSA,M,I06,EE	90.3 	91.0 	85.6 	89.2 	94.5 	91.6 	95.7 	94.6 	95.7 	90.3 	97.5 	92.4 	96.0 	94.0 	94.8 	94.7 	93.6 	95.1 	95.6 	89.9 	94.9 	94.9 	92.4 	89.5 	94.9 	89.4 	91.1 	87.2 	91.1 	89.0 	93.7 	85.9 	91.0 	90.5 	90.2 	88.6 	90.5 	91.4 	88.9 	89.4 	86.5 	82.7 	77.7 	75.9 	76.8 	81.5 	82.6 	84.3 	95.4 	100.6 	101.0 	101.9 	102.1 	99.6 	103.5 	99.9 	101.5 	98.8 	101.7 	98.1 
Y20-64,NSA,M,I06,EL	72.5 	80.1 	62.5 	72.4 	80.7 	81.1 	82.4 	78.0 	80.3 	81.8 	81.6 	77.4 	78.7 	79.9 	80.1 	75.4 	76.1 	77.7 	79.0 	75.6 	75.6 	77.1 	76.3 	71.7 	73.6 	73.6 	74.8 	71.8 	73.4 	74.8 	76.1 	73.4 	75.6 	77.2 	78.9 	78.6 	81.3 	84.8 	88.1 	86.7 	90.1 	91.9 	96.3 	92.5 	95.3 	96.6 	98.9 	95.1 b	99.8 	98.2 	102.0 	98.0 	99.8 	98.9 	100.8 	98.5 	100.5 	99.8 	100.9 	98.9 
Y20-64,NSA,M,I06,ES	83.2 	77.3 	66.6 	84.7 	88.6 	82.7 	90.0 	89.4 	87.8 	82.9 	90.2 	85.9 	84.5 	80.0 	86.0 	85.5 	83.0 	79.4 	87.0 	83.6 	83.8 	78.8 	84.6 	81.4 	82.7 	75.8 	81.8 	79.3 	79.8 	73.4 	82.0 	78.6 	79.4 	76.2 	83.6 	84.9 	85.0 	81.4 	90.1 	91.2 	87.7 	84.2 	94.3 	90.0 	91.0 	85.4 	95.0 	94.0 	99.2 	93.2 	106.8 	101.9 	101.5 	94.9 	104.5 	104.1 	100.1 	93.7 	103.0 	103.3 
Y20-64,NSA,M,I06,EU27_2020	93.1 	91.4 	84.4 	94.3 	99.1 	94.0 	98.8 	98.8 	98.2 	93.9 	99.0 	97.4 	97.4 	93.0 	98.0 	98.1 	97.2 	92.6 	99.4 	96.3 	95.7 	91.6 	95.9 	93.5 	96.0 	90.5 	95.0 	93.4 	94.3 	89.6 	95.1 	92.4 	94.4 	90.5 	95.9 	96.0 	96.2 	91.7 	98.6 	98.0 	96.9 	92.7 	99.6 	97.1 	97.8 	93.3 	99.6 	97.9 	102.7 	97.8 	105.2 	101.4 	103.1 	97.3 	103.0 	101.9 	102.1 	96.0 	101.7 	100.2 
Y20-64,NSA,M,I06,FI	99.7 	93.8 	95.3 	99.9 	99.8 	94.6 	100.5 	102.5 	100.5 	95.5 	101.3 	99.1 	100.3 	92.6 	97.9 	99.8 	99.8 	91.7 	102.8 	95.5 	95.6 	90.7 	96.6 	94.7 	97.1 	90.4 	95.6 	96.3 	96.0 	90.9 	99.3 	96.9 	98.6 	92.8 	99.5 	100.6 	101.3 	91.0 	101.9 	100.0 	100.9 	90.8 	100.6 	97.1 	97.2 	91.4 	96.8 	96.8 	104.6 	99.2 	107.7 	101.1 	104.3 	95.2 	103.0 	101.7 	102.9 	95.3 	99.9 	101.8 
Y20-64,NSA,M,I06,FR	99.4 	89.0 	82.4 	97.9 	102.4 	90.7 	102.5 	104.5 	102.8 	91.3 	101.6 	104.3 	103.3 	89.5 	102.5 	106.1 	101.0 	90.5 	104.7 	104.8 	98.9 	89.7 	100.2 	100.7 	102.5 	89.5 	100.2 	102.2 b	100.0 	89.7 	99.6 	101.3 	102.1 	88.9 	101.5 	106.4 	101.2 	88.8 	104.2 	107.1 	100.3 	89.3 	104.6 	106.0 	99.6 	88.1 	101.8 	102.6 	105.2 	91.3 	105.4 	103.9 	104.0 	89.6 	102.6 	104.6 	102.9 	88.8 	102.5 	105.8 
Y20-64,NSA,M,I06,HR	91.6 	96.0 	91.2 	91.5 	96.1 	95.2 	100.4 	99.5 	97.3 	96.4 	100.0 	96.6 	97.0 	97.8 	100.3 	94.1 	96.5 	92.5 	96.2 	88.4 	93.7 	96.9 	94.7 	92.2 	96.2 	99.1 	99.4 	93.7 	92.6 	94.7 	95.3 	92.4 	93.5 	99.6 	101.3 	98.6 	101.5 	104.8 	105.6 	104.5 	107.0 	108.2 	108.8 	107.4 	111.0 	110.8 	114.5 	107.9 	114.0 	115.9 	119.8 	110.4 	113.0 	114.4 	115.6 	110.3 	100.5 	100.5 	99.5 	99.5 
Y20-64,NSA,M,I06,HU	103.2 	106.5 	98.7 	107.7 	107.3 	109.0 	106.1 	110.6 	100.7 	109.1 	110.2 	107.8 	101.2 	110.5 	107.8 	109.7 	104.9 	108.2 	109.5 	104.6 	100.7 	102.2 	101.8 	101.4 	98.3 	100.6 	97.9 	98.6 	95.9 	95.0 	95.9 	89.6 	88.8 	93.0 	94.1 	91.2 	94.0 	92.2 	93.1 	89.9 	93.4 	91.0 	93.3 	90.2 	93.3 	90.9 	95.3 	92.1 	97.3 	96.6 	98.9 	97.0 	99.5 	97.9 	100.5 	99.0 	101.5 	98.8 	101.2 	98.5 
Y20-64,NSA,M,I06,IE	90.4 	94.7 	78.9 	98.3 	98.4 	99.7 	101.0 	99.4 	96.3 	96.6 	98.1 	96.4 	94.8 	97.5 b	95.3 	96.3 	92.0 	93.3 	94.5 	91.7 	87.5 	90.2 	91.1 	88.4 	88.4 	87.0 	86.8 	85.4 	85.0 	84.8 	84.8 	82.0 	80.4 	80.2 	80.9 	80.9 	79.2 	81.0 	83.1 	83.1 	79.0 	82.7 	85.6 	85.4 	82.8 	86.7 	89.8 	89.3 	99.0 	98.4 	104.2 	97.2 	107.1 	102.6 	105.0 	99.6 b	105.0 	98.8 	100.2 	96.0 
Y20-64,NSA,M,I06,IS	99.2 b	99.3 	99.6 	107.6 	107.3 	103.4 	110.1 	107.9 	106.5 	103.5 	109.7 	108.1 	105.2 	99.1 	108.4 	104.9 	101.7 	100.4 	105.5 	101.0 	101.7 	94.5 	101.1 	97.1 	97.1 	93.1 	98.0 	93.9 	91.8 	89.0 	95.6 	88.6 	87.4 	82.5 	89.7 	91.9 	90.4 	86.5 	86.1 	89.1 	86.6 	81.2 	91.5 	88.9 	90.1 	84.6 	90.9 	90.7 	99.1 	100.6 	111.7 	104.1 	105.2 	97.5 	104.6 	106.5 	105.6 	97.4 	98.5 	98.4 
Y20-64,NSA,M,I06,IT	89.0 	87.6 	75.4 	86.4 	96.6 	90.6 	97.8 	96.0 	96.2 	90.4 	99.5 	95.4 	95.4 	88.9 	97.6 	95.6 	94.3 	87.8 	98.5 	92.9 	92.1 	86.2 	93.8 	89.4 	91.9 	84.3 	92.3 	89.9 	91.1 	84.4 	93.4 	90.9 	92.1 	86.7 	96.8 	93.9 	95.5 	89.8 	101.4 	98.5 	96.6 	89.1 	101.4 	99.1 	97.2 	88.5 	101.4 	97.1 	101.2 	92.3 	105.7 	101.1 	102.5 	93.4 	105.6 	102.8 	101.5 	92.1 	105.6 	100.8 
Y20-64,NSA,M,I06,LT	89.1 	88.8 	84.2 	90.4 	92.1 	91.6 	93.7 	91.3 	92.1 	92.0 	93.6 	89.2 	88.7 	88.4 	90.1 	88.3 	91.5 	92.3 	92.3 	89.9 	91.7 	90.3 	90.7 	88.8 	88.9 	89.2 	89.0 	86.8 	87.9 	87.8 	87.9 	85.0 	86.1 	85.9 	86.2 	82.8 	86.1 	83.2 	85.4 	81.7 	86.3 	85.2 	82.1 	77.7 	84.2 	86.3 	88.5 	88.4 	99.9 	101.5 	104.6 	100.4 	103.8 	103.8 	103.9 	99.3 	100.1 	99.6 	102.8 	97.5 
Y20-64,NSA,M,I06,LU	144.9 	134.8 	130.9 	138.6 	144.4 	136.5 	145.6 	148.1 	142.7 	133.4 	137.5 	137.9 	135.6 	128.0 	137.2 	134.9 	134.0 	129.0 	137.2 	136.8 	134.9 	123.8 	131.5 	133.6 b	126.6 	115.6 	126.4 	117.6 	119.2 	111.6 	124.6 	111.9 	120.9 	111.3 	122.2 	119.4 	111.6 	105.3 	114.4 	119.8 	111.0 	99.6 	114.7 	113.5 	111.5 	104.5 	121.7 	116.6 b	93.0 	94.0 	109.6 	103.9 	106.0 	94.2 	105.5 	108.6 b	100.0 	100.0 	100.0 	100.0 
Y20-64,NSA,M,I06,LV	70.6 	73.7 	67.9 	72.6 	75.0 	75.9 	74.1 	73.8 	76.4 	78.4 	78.4 	77.6 	77.5 	75.8 	74.4 	75.4 	74.4 	75.3 	77.8 	75.1 	75.2 	77.7 	76.9 	76.8 	77.7 	77.6 	77.5 	75.4 	77.5 	77.4 	76.3 	76.3 	76.0 	78.3 	75.3 	71.0 	76.4 	76.0 	73.3 	73.6 	73.5 	74.2 	70.2 	66.8 	71.6 	75.8 	78.1 	78.8 	88.0 	97.5 	96.8 	93.9 	100.8 	103.7 	98.6 	97.3 	101.4 	102.6 	98.7 	97.4 
Y20-64,NSA,M,I06,MK	124.8 	120.1 	102.2 	117.6 	129.0 	134.2 	136.2 	128.4 	128.8 	131.6 	128.8 	118.2 	125.9 	130.7 	133.6 	124.6 	127.2 	124.4 	126.3 	119.3 	121.1 	122.4 	118.2 	114.1 	121.7 	120.4 	118.7 	112.8 	117.3 	118.9 	116.4 	109.8 	114.0 	113.8 	112.2 	102.8 	108.5 	108.4 	110.9 	101.8 	110.5 	112.0 	113.5 	100.5 	109.8 	112.9 	113.7 	100.7 	108.4 	111.9 	108.1 	101.3 	100.4 	103.9 	105.2 	97.2 	98.2 	103.4 	104.1 	94.3 
Y20-64,NSA,M,I06,MT	136.5 	137.9 	127.7 	144.8 	154.1 	145.8 	145.3 	146.0 	135.5 	135.9 	136.4 	130.0 	128.1 	124.3 	124.0 	124.0 	118.5 	118.3 	124.4 	119.5 	114.2 	110.4 	115.4 	111.9 	111.0 	106.3 	108.3 	106.2 	108.1 	103.8 	108.2 	103.4 	100.1 	101.5 	105.5 	103.0 	99.4 	98.1 	103.2 	103.2 	99.9 	100.9 	105.9 	104.3 	103.2 	102.1 	102.7 	102.8 	102.2 	104.9 	105.2 	103.5 	102.1 	102.9 	103.5 	102.6 	98.5 	96.6 	102.5 	102.4 
Y20-64,NSA,M,I06,NL	105.1 	94.8 	98.2 	99.2 	108.4 	94.5 	104.4 	100.0 	107.4 	93.3 	101.4 	98.0 	105.7 	93.1 	101.5 	98.1 	105.8 	91.6 	99.9 	98.4 	103.6 	90.0 	96.7 	96.1 	103.6 	89.7 	99.7 	95.3 	104.1 	89.1 	97.5 	93.6 	104.0 	90.0 	99.7 	97.4 	105.1 	90.3 	100.9 	100.3 	105.1 	92.1 	98.0 	98.1 	104.0 	91.0 	102.6 	100.1 	107.9 	93.7 	104.2 	98.9 	107.5 	92.7 	102.8 	100.8 	107.0 	91.4 	101.8 	99.8 
Y20-64,NSA,M,I06,NO	103.7 	92.8 	101.1 	108.8 	109.3 	94.6 	107.3 	113.3 	110.5 	97.1 	110.7 	107.5 	107.9 	92.8 	104.3 	112.5 	109.7 	92.8 	109.8 	106.9 	105.3 	94.9 	106.7 	109.1 	109.5 	97.0 	108.9 	111.8 	109.0 	93.2 	109.3 	104.7 	106.7 	95.6 	106.1 	112.3 	110.1 	90.8 	101.3 	109.1 	104.6 	89.0 	105.4 	104.2 	102.0 	90.4 	104.2 	106.3 	107.9 	94.6 	113.2 	102.9 	106.3 	91.7 	101.3 	107.7 	105.2 	89.8 	97.6 	107.5 
Y20-64,NSA,M,I06,PL	101.1 	107.0 	95.9 	102.5 	103.9 	106.7 	103.0 	106.2 	103.4 	107.2 	104.3 	104.5 	104.6 	108.6 	107.5 	107.3 	106.1 	108.3 	109.2 	104.6 	105.8 	109.2 	107.3 	102.5 	105.8 	108.1 	105.6 	101.0 	102.1 	106.3 	103.2 	99.7 	102.3 	106.4 	103.9 	101.7 	102.9 	105.9 	105.1 	101.8 	102.8 	106.1 	104.1 	99.6 b	102.9 	108.5 	107.4 	103.3 	105.9 	109.1 	108.5 	104.6 	103.8 	106.2 	103.5 	102.1 	102.6 	104.1 	98.9 	94.4 
Y20-64,NSA,M,I06,PT	81.4 	75.5 	67.6 	83.2 	87.2 	82.4 	86.5 	87.6 	86.3 	80.7 	86.8 	85.0 	83.2 	80.4 	85.4 	86.1 	80.1 	76.3 	83.9 	82.5 	81.7 	77.2 	83.5 	81.5 	80.7 	76.5 	81.9 	80.2 	80.8 	73.6 	79.6 	77.2 	78.4 	74.9 	82.6 	86.7 	84.4 	82.5 	89.9 	91.9 b	90.4 	89.2 	95.5 	95.1 	93.8 	88.6 	95.6 	97.1 	98.2 	93.7 	100.7 	100.0 	99.5 	94.2 	99.2 	101.3 	97.2 	95.3 	102.8 	104.8 
Y20-64,NSA,M,I06,RO	96.4 	97.5 	86.4 	94.6 	98.2 	100.6 	100.6 	93.7 	95.5 	100.4 	99.8 	92.7 	95.3 	98.7 	99.2 	91.7 	94.4 	97.9 	96.5 	90.3 	94.7 	98.1 	96.5 	89.3 	95.1 	98.4 	96.8 	91.3 	94.6 	97.8 	96.1 	89.6 	94.4 	98.3 	97.2 	89.6 	91.9 	96.0 	95.8 	90.7 	92.9 	99.3 	100.3 	91.5 b	97.7 	105.2 	103.0 	96.4 	99.8 	105.0 	105.2 	98.7 	99.2 	103.9 	103.7 	96.8 	98.0 	104.7 	102.5 	94.7 
Y20-64,NSA,M,I06,SE	108.9 	92.1 	107.3 	112.1 	116.3 	99.3 	113.0 	114.9 	115.9 	98.2 b	114.4 	114.1 	115.6 	96.4 	110.9 	113.8 	113.3 	95.6 	114.3 	108.1 	108.3 	92.5 	108.5 	105.0 	110.9 	92.1 	106.1 	105.0 	108.9 	92.1 	106.8 	104.4 	108.2 	91.4 	104.4 	108.7 	109.6 	91.6 	106.1 	108.8 	108.5 	90.9 	107.4 	104.1 	101.8 	88.9 	100.7 	101.8 	108.2 	89.9 	109.8 	104.1 	108.2 	90.3 	103.2 	107.3 	106.7 	88.7 	100.2 	104.4 
Y20-64,NSA,M,I06,SI	102.1 	94.0 	87.1 	98.9 	100.8 	96.5 	100.9 	101.6 	101.7 	93.5 	100.5 	97.5 	99.4 	90.5 	97.1 	95.4 	95.3 	88.5 	96.8 	95.1 	98.3 	91.2 	96.4 	94.8 	97.3 	88.3 	95.4 	92.4 	96.2 	89.2 	95.7 	93.8 	99.1 	90.6 	92.3 	92.7 	99.1 	88.1 	95.5 	93.5 	101.2 	92.0 	99.2 	97.5 	104.0 	93.1 	98.8 	97.8 	104.3 	98.7 	106.3 	102.8 	107.6 	97.5 	104.3 	101.8 	102.3 	95.2 	100.6 	102.0 
Y20-64,NSA,M,I06,SK	95.3 	98.9 	86.4 	96.7 	105.1 	98.6 	104.3 	105.2 	104.6 	97.6 	105.7 	101.6 	101.5 	96.4 	103.0 	102.7 	101.6 	94.7 	107.9 	100.5 	103.5 	97.0 	101.7 	95.4 	100.3 	94.3 	99.1 	95.5 	97.2 	95.4 	100.7 	95.5 	97.9 	96.4 	99.2 	98.5 	97.8 	93.4 	101.2 	99.2 b	96.8 	95.0 	101.4 	94.7 	98.0 	98.0 	100.8 	97.0 	106.7 	102.7 	106.9 	102.5 	104.3 	102.5 	102.3 	102.5 	100.3 	97.7 	101.5 	100.5 
Y20-64,NSA,M,I06,TR	101.6 	101.3 	76.3 	101.1 	111.3 	108.1 	107.4 	105.1 	111.3 	111.1 	115.4 	111.8 	116.3 	113.3 	115.9 	109.4 	112.5 	105.7 	116.6 	108.6 	111.7 	108.6 	115.9 	106.3 	106.9 	110.2 	115.6 	107.3 b	111.5 	102.4 	115.4 	104.5 	111.3 	113.1 	113.1 	100.2 	96.3 	112.6 	110.4 	99.4 	103.6 	94.6 	105.4 	92.2 	98.5 	101.5 	98.6 	86.4 	97.5 	104.7 	104.4 	91.7 	97.1 	104.8 	103.6 	83.7 	100.1 	106.1 	104.1 	89.8 
Y20-64,NSA,M,I06,UK	: 	94.5 	87.4 	105.6 	107.6 	108.3 	108.9 	110.5 	107.5 	107.7 	109.0 	107.8 	105.8 	105.9 	108.9 	108.9 	106.0 	106.0 	108.8 	107.0 	103.4 	104.3 	105.1 	104.5 	105.0 	103.8 	104.3 	102.7 	101.4 	101.7 	101.9 	100.1 	99.8 	100.1 	99.9 	100.5 	97.4 	98.2 	98.7 	101.2 	97.5 	97.4 	98.2 	96.0 	98.2 	96.3 	97.7 	98.2 	100.7 	100.1 	102.7 	97.5 b	104.9 	100.1 	101.5 	97.9 b	103.8 	99.1 	99.6 	97.5 
Y20-64,NSA,T,I06,AT	94.9 	97.2 	89.4 	98.9 	107.6 	101.0 	106.1 	105.5 	104.4 	99.3 	105.6 	102.9 	102.8 	96.9 	103.5 	103.9 	101.7 	98.1 	105.8 	100.0 	98.3 	97.6 	101.8 	97.5 	102.3 	96.1 	100.5 	98.5 	100.9 	95.7 	102.5 	98.3 	100.1 	96.5 	101.6 	101.2 	100.5 	96.7 	102.9 	101.8 	99.0 	96.6 	101.9 	98.6 	97.5 	97.3 	101.3 	96.6 	103.2 	99.9 	107.3 	101.2 	102.6 	100.0 	102.9 	102.3 	102.1 	97.4 	101.5 	98.9 
Y20-64,NSA,T,I06,BE	99.7 	94.2 	90.3 	104.9 	106.5 	95.1 	109.8 	108.8 	106.6 	94.2 	105.4 	107.8 	103.6 	92.2 	105.8 	109.2 b	114.1 	104.6 	116.8 	117.3 	112.5 	103.5 	114.2 	115.2 	117.4 	102.6 	114.7 	113.9 	112.6 	104.3 	117.4 	112.1 	110.0 	101.6 	111.7 	114.6 	109.5 	99.1 	114.6 	111.6 	109.8 	99.1 	109.8 	114.7 	108.1 	95.0 	104.1 	106.6 	108.5 	97.3 	110.3 	108.3 	107.9 	95.4 	107.2 	107.8 	103.1 	89.6 	102.3 	105.0 
Y20-64,NSA,T,I06,BG	95.7 	98.9 	89.7 	97.3 	100.7 	101.0 	101.6 	99.8 	98.6 	98.1 	98.8 	98.2 	99.3 	99.8 	100.5 	96.6 	96.7 	94.9 	94.9 	95.1 	98.5 	98.6 	96.4 	94.1 	96.1 	97.1 	94.9 	92.7 	94.3 	96.5 	93.7 	91.9 	94.1 	96.2 	93.9 	93.8 	97.9 	97.2 	95.7 	95.2 b	99.2 	100.8 	101.3 	97.7 b	101.1 	100.7 	102.1 	100.1 	108.2 	108.9 	109.1 	107.3 	109.3 	104.5 	104.0 	100.9 	104.3 	100.5 	100.5 	94.7 
Y20-64,NSA,T,I06,CY	111.4 	104.9 	88.6 	108.0 	116.0 	107.6 	114.1 	111.3 	114.1 	105.5 	110.7 	107.7 	107.8 	100.1 	106.0 	103.0 	104.5 	95.4 	102.6 	97.0 	101.1 	94.1 	99.8 	95.7 	101.9 	94.9 	100.2 	98.3 	101.2 	94.7 	99.4 	102.5 	111.5 	101.0 	108.3 	110.1 	112.3 	100.0 	113.8 	112.0 	114.8 	99.3 	113.3 	107.3 	109.2 	98.8 	107.2 	102.9 b	109.6 	100.4 	107.3 	106.8 	110.1 	98.8 	107.1 	106.3 	105.5 	92.7 	100.8 	101.0 
Y20-64,NSA,T,I06,CZ	88.5 	94.2 	91.7 	99.2 	100.2 	94.0 	102.6 	104.9 	103.2 	92.4 	104.4 	103.5 	101.5 	90.6 	101.7 	106.3 	99.2 	90.3 	108.0 	102.9 	93.3 	93.3 	102.8 	99.7 	96.8 	91.9 	100.0 	99.1 	96.5 	89.8 	100.0 	97.3 	97.8 	87.2 	100.5 	102.0 	96.2 	89.0 	103.2 	102.5 b	97.1 	92.0 	104.5 	102.3 	99.2 	94.1 	103.7 	101.3 	103.2 	99.1 	107.3 	104.6 	102.6 	94.7 	104.2 	103.8 	100.9 	94.0 	102.5 	102.7 
Y20-64,NSA,T,I06,DE	: 	: 	: 	: 	106.7 	100.8 	102.6 	105.2 	104.6 	101.1 	102.8 	103.9 	103.7 	100.8 	101.9 	104.5 	105.9 	100.5 	104.0 	103.1 	102.8 	97.7 	99.7 	99.8 	101.8 	97.7 	99.2 	100.1 	100.4 	96.0 	100.0 	98.7 	100.0 	97.0 	98.9 	100.7 	101.2 	96.6 	99.0 	100.5 	100.7 	96.2 	99.3 	98.5 b	101.4 	96.4 	98.3 	98.8 	103.8 	101.1 	102.2 	100.7 	103.8 	99.6 	100.4 	100.4 	103.2 	98.5 	99.4 	99.0 
Y20-64,NSA,T,I06,DK	104.1 	93.6 	95.8 	100.8 	103.7 	93.7 	99.4 	104.4 	102.8 	94.9 	106.7 	100.9 	101.1 	90.8 	100.5 	103.2 b	99.1 	91.8 	103.5 	98.2 b	102.3 	90.2 	100.1 	97.3 	98.3 	87.9 	98.8 	98.0 	97.4 	88.0 	101.0 	95.4 	97.1 	87.2 	98.0 	99.8 	97.9 	89.3 	99.1 	100.2 	96.4 	89.7 	100.5 	96.5 	97.4 	88.9 	98.7 	99.8 	102.5 	93.8 	107.3 	99.5 b	102.9 	93.1 	101.7 	105.5 	102.5 	91.7 	100.6 	105.3 
Y20-64,NSA,T,I06,EE	88.8 	85.5 	81.8 	87.9 	92.0 	86.0 	92.2 	92.2 	92.0 	85.2 	93.6 	90.8 	94.5 	89.7 	91.2 	93.5 	91.5 	88.5 	93.1 	89.5 	92.9 	89.2 	90.9 	89.6 	93.0 	86.0 	90.6 	87.6 	91.3 	85.3 	92.3 	87.2 	90.2 	85.7 	90.8 	90.0 	91.0 	88.7 	88.6 	88.8 	87.2 	80.2 	80.8 	81.9 	81.6 	80.4 	85.6 	88.1 	96.4 	97.9 	101.0 	100.7 	100.8 	97.3 	101.7 	100.9 	101.5 	96.7 	102.0 	99.8 
Y20-64,NSA,T,I06,EL	75.9 	83.4 	64.4 	75.9 	84.7 	84.9 	86.8 	81.1 	83.1 	84.5 	84.9 	79.7 	81.5 	82.6 	83.9 	78.7 	79.5 	80.7 	82.5 	78.7 	79.6 	80.4 	80.4 	75.3 	77.6 	76.8 	78.5 	75.0 	76.3 	77.2 	79.1 	76.1 	79.0 	80.1 	82.4 	82.1 	85.1 	88.0 	91.7 	90.0 	93.2 	94.1 	98.9 	94.5 	97.3 	97.8 	100.7 	96.9 b	101.1 	98.6 	103.2 	98.5 	100.5 	98.7 	100.9 	98.1 	100.5 	99.9 	101.0 	98.6 
Y20-64,NSA,T,I06,ES	91.2 	82.8 	72.2 	93.2 	97.3 	89.2 	98.2 	97.3 	95.6 	89.2 	98.4 	93.7 	92.0 	85.6 	93.5 	93.0 	90.5 	85.1 	94.6 	90.5 	90.9 	83.7 	91.1 	87.7 	89.4 	80.6 	88.3 	86.2 	86.8 	79.2 	88.8 	85.2 	86.0 	81.5 	90.5 	91.7 	91.1 	86.2 	96.4 	96.9 	93.4 	88.2 	99.7 	95.4 	96.2 	88.8 	99.4 	98.4 	102.9 	95.1 	109.2 	103.6 	103.3 	95.3 	105.4 	104.9 	100.9 	93.4 	102.8 	102.9 
Y20-64,NSA,T,I06,EU27_2020	97.2 	94.0 	87.3 	98.5 	103.4 	96.8 	102.7 	103.1 	102.2 	96.5 	102.8 	101.4 	101.2 	95.3 	101.5 	102.0 	100.8 	94.8 	102.9 	99.9 	99.1 	93.6 	99.4 	97.1 	99.2 	92.5 	98.1 	96.9 	97.3 	91.5 	98.0 	95.7 	97.3 	92.0 	98.5 	99.0 	98.7 	92.9 	100.6 	100.4 	99.1 	93.8 	101.5 	99.6 	100.0 	94.3 	101.5 	100.1 	104.1 	98.0 	105.9 	102.5 	103.9 	97.0 	103.3 	102.5 	102.3 	95.4 	101.6 	100.7 
Y20-64,NSA,T,I06,FI	101.2 	94.0 	95.6 	103.1 	101.9 	94.6 	101.5 	104.6 	102.3 	95.1 	102.6 	101.5 	101.6 	92.2 	98.6 	101.8 	100.5 	91.0 	102.6 	98.2 	98.3 	92.2 	97.2 	97.3 	99.7 	91.7 	96.9 	99.1 	98.1 	90.6 	99.9 	98.7 	100.0 	92.9 	99.6 	102.8 	103.2 	91.1 	101.7 	101.7 	102.5 	91.5 	102.0 	100.1 	100.0 	92.4 	98.3 	99.8 	105.5 	98.1 	107.2 	102.2 	105.1 	94.1 	101.9 	103.4 	103.0 	93.8 	99.9 	103.3 
Y20-64,NSA,T,I06,FR	105.7 	92.5 	87.2 	103.9 	108.3 	94.8 	107.9 	109.8 	108.2 	94.8 	106.3 	109.2 	108.2 	92.4 	106.7 	110.5 	104.8 	93.2 	108.9 	109.7 	103.4 	92.3 	104.7 	105.5 	106.2 	91.7 	104.0 	106.2 b	103.2 	91.3 	102.3 	104.6 	104.9 	89.9 	103.8 	109.3 	103.4 	89.4 	106.0 	109.1 	102.1 	90.5 	106.2 	108.8 	101.4 	89.2 	103.7 	104.9 	106.9 	91.5 	106.7 	105.7 	105.6 	90.0 	103.4 	105.4 	103.8 	87.7 	102.4 	106.1 
Y20-64,NSA,T,I06,HR	95.1 	95.8 	91.1 	94.0 	99.5 	97.6 	101.0 	101.9 	98.6 	96.0 	101.9 	99.5 	99.6 	97.5 	100.4 	95.4 	97.4 	91.1 	97.6 	91.4 	95.7 	96.0 	97.3 	94.6 	98.2 	99.2 	100.3 	95.1 	95.6 	96.2 	99.8 	94.9 	94.7 	100.6 	102.8 	100.3 	102.3 	104.8 	104.6 	104.9 	109.0 	108.2 	107.7 	108.1 	111.2 	111.6 	114.2 	107.8 	111.6 	113.5 	116.5 	107.8 	110.2 	111.4 	113.1 	107.1 	100.9 	100.9 	99.1 	99.1 
Y20-64,NSA,T,I06,HU	103.3 	106.0 	98.0 	108.7 	108.1 	108.0 	106.9 	111.3 	101.3 	107.9 	111.4 	108.7 	101.9 	110.1 	108.9 	111.9 	107.1 	108.0 	111.2 	106.5 	102.3 	102.0 	103.2 	103.9 	100.2 	101.2 	99.8 	100.9 	97.5 	94.4 	97.2 	92.8 	90.7 	93.5 	96.9 	94.4 	96.3 	92.1 	95.2 	93.3 	96.3 	91.9 	96.1 	94.2 	95.6 	90.9 	97.0 	94.6 	98.7 	95.5 	99.4 	98.4 	100.2 	95.8 	100.5 	100.1 	102.0 	96.5 	101.2 	100.3 
Y20-64,NSA,T,I06,IE	98.3 	100.4 	84.9 	105.8 	106.5 	106.2 	108.9 	108.2 	104.7 	103.3 	106.9 	103.3 	102.6 	103.1 b	103.0 	103.8 	99.1 	98.9 	101.7 	98.8 	94.8 	95.1 	96.8 	94.5 	94.8 	92.0 	92.8 	91.5 	91.0 	89.5 	90.8 	88.2 	86.5 	85.3 	86.9 	87.2 	85.4 	85.3 	89.0 	89.0 	84.6 	87.2 	91.4 	91.4 	88.4 	91.5 	95.1 	94.0 	102.9 	100.3 	106.8 	99.9 	109.1 	102.9 	106.2 	101.2 b	105.3 	98.0 	100.4 	96.4 
Y20-64,NSA,T,I06,IS	105.5 b	103.5 	104.5 	113.1 	115.9 	105.7 	116.1 	114.9 	113.5 	107.6 	115.0 	113.6 	112.1 	103.2 	113.6 	112.7 	109.9 	106.2 	111.2 	108.0 	109.1 	100.0 	109.0 	105.7 	104.6 	98.8 	104.4 	101.0 	99.8 	92.6 	100.0 	95.1 	95.4 	89.3 	96.2 	98.1 	96.3 	89.5 	93.2 	98.3 	93.7 	85.0 	96.8 	95.5 	96.9 	87.0 	96.1 	96.9 	103.3 	100.1 	110.7 	105.9 	105.9 	95.0 	105.0 	106.8 	105.0 	95.6 	98.8 	100.6 
Y20-64,NSA,T,I06,IT	93.2 	89.6 	78.9 	90.4 	101.0 	92.8 	102.6 	100.6 	100.4 	92.6 	103.8 	99.6 	99.9 	91.3 	101.5 	99.6 	98.0 	89.9 	102.3 	96.7 	95.8 	88.0 	98.0 	93.2 	96.1 	86.4 	96.2 	93.7 	94.9 	86.7 	97.2 	94.6 	95.7 	88.5 	99.9 	97.2 	98.5 	90.6 	103.4 	100.7 	98.9 	89.7 	103.2 	100.7 	98.7 	89.0 	102.9 	98.7 	102.8 	92.3 	106.4 	102.1 	103.1 	92.5 	105.5 	102.9 	101.8 	91.3 	105.2 	101.7 
Y20-64,NSA,T,I06,LT	89.3 	88.5 	83.3 	90.3 	94.1 	92.2 	94.7 	93.4 	94.6 	92.7 	94.1 	91.8 	91.3 	89.2 	93.5 	92.1 	94.7 	93.2 	94.8 	93.7 	93.5 	89.8 	93.6 	91.5 	91.0 	88.8 	91.0 	88.7 	89.5 	86.9 	89.9 	87.7 	88.4 	86.5 	89.5 	86.5 	88.7 	84.5 	88.4 	85.0 	89.9 	88.2 	87.2 	84.9 	90.4 	89.0 	92.4 	93.2 	101.4 	100.4 	104.4 	102.0 	104.5 	101.3 	103.8 	101.0 	101.6 	97.2 	102.3 	99.0 
Y20-64,NSA,T,I06,LU	157.5 	146.9 	142.6 	150.9 	156.6 	145.6 	157.3 	157.5 	154.1 	144.7 	147.6 	150.2 	144.7 	136.9 	145.2 	146.4 	141.5 	136.9 	142.0 	144.2 	141.6 	126.5 	138.5 	140.0 b	134.1 	120.3 	130.1 	125.2 	122.2 	111.7 	130.0 	119.6 	124.7 	112.6 	123.4 	124.1 	113.4 	103.7 	116.5 	120.1 	113.2 	101.6 	116.5 	112.1 	112.9 	102.6 	119.2 	114.6 b	94.7 	90.8 	109.7 	104.8 	109.9 	95.8 	104.1 	111.0 b	100.0 	100.0 	100.0 	100.0 
Y20-64,NSA,T,I06,LV	71.8 	74.4 	68.7 	73.9 	77.4 	77.5 	75.0 	75.8 	78.8 	77.8 	79.7 	80.3 	79.3 	76.2 	76.4 	78.3 	78.6 	76.4 	79.8 	78.6 	77.9 	78.1 	80.2 	79.7 	79.5 	78.4 	80.9 	79.7 	80.5 	79.0 	80.1 	80.1 	80.4 	79.5 	78.2 	76.2 	80.0 	79.2 	78.0 	78.2 	78.9 	78.5 	75.2 	75.1 	78.8 	79.8 	83.8 	85.5 	92.1 	96.4 	98.5 	96.6 	101.9 	102.8 	99.8 	97.3 	101.1 	101.8 	99.5 	97.6 
Y20-64,NSA,T,I06,MK	129.7 	124.2 	105.6 	122.0 	135.1 	136.6 	138.7 	133.0 	131.7 	133.6 	133.0 	123.2 	128.9 	132.6 	136.1 	127.9 	130.1 	126.3 	126.7 	123.8 	125.1 	125.3 	123.5 	119.8 	124.6 	123.9 	121.7 	115.7 	119.7 	121.8 	121.1 	115.8 	115.8 	114.8 	114.4 	107.6 	109.5 	111.8 	113.5 	107.6 	111.8 	112.7 	112.6 	100.2 	110.5 	111.8 	114.0 	100.6 	108.2 	110.4 	109.4 	104.0 	102.9 	104.9 	107.1 	101.1 	99.9 	104.0 	101.8 	94.2 
Y20-64,NSA,T,I06,MT	164.0 	158.9 	149.6 	169.7 	176.8 	164.4 	170.2 	171.2 	157.2 	153.9 	158.7 	150.4 	146.8 	139.3 	142.3 	142.5 	134.9 	134.2 	141.7 	134.0 	127.3 	121.3 	130.9 	123.7 	122.4 	119.7 	122.0 	117.9 	120.1 	114.7 	118.0 	113.2 	112.0 	108.2 	113.9 	111.7 	105.9 	102.0 	109.1 	109.3 	106.0 	105.1 	108.9 	109.9 	109.0 	105.2 	107.2 	105.9 	104.2 	108.0 	109.4 	105.3 	103.0 	102.8 	105.3 	103.4 	98.6 	96.5 	103.4 	101.5 
Y20-64,NSA,T,I06,NL	114.3 	102.5 	105.5 	108.0 	117.2 	102.2 	112.7 	108.5 	115.7 	100.2 	108.3 	105.2 	113.3 	99.6 	107.8 	104.7 	112.1 	97.0 	105.1 	103.8 	108.8 	94.6 	101.7 	101.5 	108.9 	93.9 	103.7 	100.1 	109.0 	93.4 	102.1 	98.7 	108.7 	93.9 	103.4 	101.9 	109.0 	93.6 	104.1 	103.9 	108.6 	94.8 	100.9 	101.9 	107.5 	93.9 	105.2 	103.6 	110.4 	95.5 	105.9 	100.9 	108.9 	93.6 	103.5 	101.5 	107.2 	91.1 	101.7 	100.0 
Y20-64,NSA,T,I06,NO	108.6 	96.3 	106.4 	113.1 	113.6 	97.6 	110.7 	117.3 	113.9 	99.0 	114.6 	111.9 	112.4 	95.7 	108.6 	117.7 	113.8 	95.3 	113.1 	111.6 	109.2 	97.8 	110.2 	112.4 	112.6 	98.0 	111.0 	114.5 	111.7 	94.3 	112.4 	107.8 	109.2 	96.6 	107.7 	114.7 	112.3 	91.7 	104.5 	112.5 	106.7 	89.8 	107.3 	106.8 	103.2 	91.4 	105.7 	108.5 	109.6 	95.6 	113.7 	104.1 	107.3 	91.3 	101.3 	108.1 	105.0 	89.3 	98.0 	107.6 
Y20-64,NSA,T,I06,PL	102.9 	106.4 	94.9 	102.5 	104.6 	106.4 	104.0 	107.4 	104.3 	107.0 	105.7 	106.2 	105.5 	106.9 	108.5 	108.8 	107.5 	107.7 	110.4 	105.6 	107.0 	108.1 	108.7 	103.9 	106.7 	106.5 	105.8 	102.3 	102.8 	104.9 	103.4 	100.7 	102.9 	105.0 	104.1 	103.0 	103.3 	104.8 	105.3 	103.0 	103.4 	105.0 	104.6 	100.7 b	104.7 	107.6 	108.4 	104.8 	107.0 	108.0 	109.2 	105.5 	104.6 	105.8 	104.0 	102.4 	102.5 	103.0 	99.0 	95.6 
Y20-64,NSA,T,I06,PT	87.3 	80.3 	68.7 	88.7 	93.4 	86.0 	92.3 	93.4 	91.9 	85.1 	93.1 	91.4 	88.5 	83.8 	90.5 	91.9 	85.6 	79.9 	89.2 	88.2 	87.3 	81.4 	89.1 	86.5 	86.6 	80.0 	86.6 	86.0 	86.2 	76.8 	84.6 	82.0 	83.2 	78.0 	87.3 	90.8 	88.4 	84.2 	93.5 	94.3 b	92.9 	90.6 	98.2 	98.2 	95.8 	89.2 	97.6 	99.0 	99.5 	93.3 	101.7 	100.2 	100.0 	93.2 	99.3 	101.9 	97.9 	94.5 	103.0 	104.6 
Y20-64,NSA,T,I06,RO	91.8 	92.7 	81.9 	90.3 	94.2 	96.0 	96.3 	90.4 	92.3 	96.1 	95.8 	89.7 	92.1 	95.7 	96.6 	89.5 	90.9 	93.7 	93.0 	87.9 	91.0 	93.9 	93.2 	86.5 	91.8 	94.9 	94.0 	89.0 	91.2 	94.2 	94.2 	87.6 	91.4 	95.3 	94.9 	88.0 	89.9 	93.9 	93.9 	88.8 	90.5 	96.5 	97.5 	89.0 b	96.3 	102.7 	101.9 	95.4 	98.5 	103.5 	103.4 	97.2 	98.6 	102.9 	103.3 	96.8 	97.0 	104.6 	103.0 	95.3 
Y20-64,NSA,T,I06,SE	113.6 	95.1 	111.2 	115.5 	120.1 	100.2 	116.2 	119.1 	120.5 	100.7 b	118.9 	117.8 	119.7 	99.7 	114.5 	117.8 	117.1 	98.3 	117.8 	112.1 	112.0 	95.4 	111.8 	109.0 	114.1 	95.6 	109.1 	109.0 	112.5 	94.0 	109.5 	107.7 	111.0 	93.4 	106.9 	111.3 	112.0 	93.1 	108.3 	110.7 	109.4 	91.5 	107.9 	105.9 	103.5 	90.4 	102.4 	104.1 	109.4 	90.1 	110.8 	104.9 	109.3 	90.5 	103.8 	107.6 	107.0 	88.2 	100.1 	104.6 
Y20-64,NSA,T,I06,SI	100.1 	92.7 	86.6 	99.5 	101.6 	95.1 	101.1 	101.1 	102.1 	92.7 	100.2 	99.2 	100.1 	89.3 	97.4 	97.7 	96.4 	88.0 	98.4 	95.6 	98.3 	89.0 	95.4 	94.3 	96.2 	86.8 	96.2 	94.5 	95.4 	87.6 	96.5 	95.3 	99.5 	90.1 	93.1 	95.5 	100.0 	87.8 	97.1 	95.0 	102.1 	90.0 	99.9 	97.9 	104.2 	91.0 	98.9 	99.7 	104.8 	95.7 	105.9 	103.3 	106.3 	96.1 	104.4 	102.1 	101.2 	94.0 	102.6 	102.1 
Y20-64,NSA,T,I06,SK	97.8 	99.1 	86.5 	98.8 	108.1 	98.9 	106.9 	108.4 	107.1 	96.9 	107.3 	104.3 	103.8 	95.9 	105.1 	105.8 	104.1 	93.7 	109.2 	102.4 	105.0 	94.9 	102.7 	96.8 	101.0 	92.2 	100.3 	97.9 	99.8 	94.3 	101.9 	97.7 	98.8 	94.6 	100.6 	100.2 	98.7 	92.1 	102.0 	101.0 b	99.0 	94.2 	103.1 	97.9 	99.9 	96.7 	101.7 	98.8 	107.4 	101.5 	108.0 	103.5 	104.5 	99.7 	103.0 	103.8 	101.1 	95.7 	101.7 	101.5 
Y20-64,NSA,T,I06,TR	110.4 	110.1 	82.8 	110.1 	122.5 	118.1 	118.7 	116.1 	122.3 	120.4 	126.4 	121.6 	126.5 	121.8 	125.5 	117.7 	120.4 	113.1 	126.0 	116.6 	120.1 	115.1 	123.9 	112.6 	113.4 	116.0 	122.2 	112.6 b	117.3 	107.9 	122.3 	109.7 	116.8 	118.3 	119.0 	104.3 	100.1 	116.8 	114.9 	101.8 	106.7 	98.1 	109.2 	93.7 	100.3 	103.6 	100.9 	86.6 	98.4 	106.1 	105.8 	91.2 	96.2 	105.4 	104.8 	83.0 	99.9 	107.1 	104.8 	88.1 
Y20-64,NSA,T,I06,UK	: 	98.8 	91.7 	110.9 	112.2 	111.5 	113.3 	114.7 	110.9 	110.3 	112.6 	111.4 	109.0 	108.2 	111.4 	112.5 	108.4 	107.3 	111.4 	109.3 	106.0 	105.3 	107.0 	106.9 	107.2 	104.7 	106.2 	105.2 	103.7 	102.0 	103.9 	102.3 	101.4 	100.2 	101.0 	102.1 	98.4 	98.2 	99.9 	102.8 	98.3 	97.5 	99.4 	98.0 	99.7 	96.4 	99.2 	99.7 	101.7 	99.7 	102.8 	98.0 b	105.0 	99.1 	101.2 	98.3 b	103.8 	98.0 	99.8 	98.4 
Y20-64,SA,F,I06,AT	97.2 	106.0 	91.7 	103.8 	111.0 	109.6 	108.7 	109.5 	107.6 	106.5 	106.6 	108.4 	106.7 	105.0 	106.1 	108.0 	105.6 	105.6 	106.9 	105.1 	102.3 	105.1 	103.6 	101.9 	105.1 	102.7 	103.0 	103.5 	104.1 	103.1 	103.4 	103.7 	102.9 	103.1 	102.5 	104.1 	102.7 	102.5 	104.1 	104.6 	101.9 	102.5 	102.1 	102.5 	99.4 	103.4 	102.5 	99.2 	103.4 	104.5 	104.7 	103.2 	102.6 	102.6 	100.9 	102.3 	101.8 	100.1 	99.2 	98.9 
Y20-64,SA,F,I06,BE	106.9 	112.4 	97.6 	109.5 	114.7 	112.6 	115.5 	115.1 	114.9 	113.0 	110.5 	112.4 	109.8 	108.3 	111.1 	113.5 b	118.9 	120.1 	120.2 	122.0 	117.9 	119.1 	119.2 	118.7 	122.5 	119.1 	119.1 	116.6 	114.8 	118.8 	118.1 	113.8 	113.3 	114.7 	112.4 	114.6 	111.0 	112.2 	114.4 	110.9 	111.8 	109.9 	108.8 	116.9 	109.5 	109.0 	105.4 	107.1 	107.4 	110.5 	109.2 	107.4 	108.4 	105.0 	105.5 	104.2 	100.7 	96.9 	99.5 	102.9 
Y20-64,SA,F,I06,BG	93.6 	97.1 	86.7 	97.3 	99.9 	99.1 	100.2 	100.6 	97.8 	96.8 	97.7 	98.6 	98.4 	98.7 	99.1 	97.3 	95.8 	94.1 	94.7 	95.9 	97.9 	97.4 	96.4 	96.1 	96.2 	95.6 	95.0 	94.2 	93.6 	95.6 	94.2 	93.9 	92.8 	94.9 	94.1 	96.4 	97.7 	95.4 	95.9 	97.3 b	98.0 	99.1 	99.7 	99.1 b	99.8 	100.9 	102.5 	102.6 	105.7 	107.7 	107.9 	109.5 	106.7 	103.9 	103.7 	102.4 	102.0 	100.5 	99.8 	97.6 
Y20-64,SA,F,I06,CH	115.7 	115.4 	102.4 	117.0 	117.1 	118.0 	117.3 	116.2 	116.4 	116.0 	115.5 	115.4 	115.2 	114.6 	114.9 	115.8 	115.5 	116.0 	115.9 	116.4 	113.8 	113.1 	112.0 	109.6 	110.3 	108.3 	107.8 	106.1 	105.9 	106.2 	105.0 	104.6 	104.2 	104.8 	103.9 	104.7 	105.0 	103.1 	104.1 	103.3 	101.8 	102.0 	101.0 	101.3 b	101.4 	101.7 	101.9 	102.2 	102.5 	102.8 	103.3 	102.2 	101.5 	100.7 	99.8 	99.9 	99.9 	100.0 	100.1 	100.0 
Y20-64,SA,F,I06,CY	117.2 	118.2 	94.4 	118.0 	121.6 	122.5 	122.9 	122.4 	121.8 	120.9 	120.3 	120.9 	116.6 	115.7 	114.1 	114.1 	112.3 	113.0 	112.6 	110.0 	111.5 	109.5 	110.4 	109.0 	111.3 	113.0 	111.8 	111.7 	109.5 	111.6 	111.0 	114.7 	119.9 	120.2 	118.8 	123.8 	121.8 	119.6 	124.1 	121.7 	121.0 	117.2 	120.4 	116.8 	113.4 	114.4 	111.5 	108.2 b	108.4 	109.4 	107.8 	109.5 	109.5 	109.0 	107.2 	105.3 	102.6 	99.7 	98.7 	98.9 
Y20-64,SA,F,I06,CZ	95.1 	95.7 	96.1 	97.9 	101.4 	103.7 	104.9 	104.9 	104.4 	104.1 	104.1 	103.8 	102.7 	101.3 	101.2 	102.2 	102.7 	102.7 	102.9 	101.6 	99.8 	100.0 	99.8 	99.2 	99.1 	98.6 	97.5 	96.8 	96.7 	96.5 	96.2 	96.4 	96.5 	96.2 	96.7 	97.1 	96.9 	97.0 	97.6 	97.8 b	97.6 	97.7 	98.4 	99.3 	99.3 	98.9 	98.4 	98.8 	101.1 	103.0 	102.8 	102.2 	101.3 	100.8 	100.9 	100.7 	100.2 	99.9 	99.9 	100.0 
Y20-64,SA,F,I06,DE	: 	: 	: 	: 	112.5 	110.6 	109.9 	111.8 	109.7 	110.9 	109.5 	109.7 	108.3 	108.9 	108.1 	110.0 	110.5 	108.3 	110.5 	108.1 	106.3 	105.9 	106.0 	104.9 	104.9 	105.6 	104.8 	105.0 	102.9 	103.5 	104.6 	103.5 	102.2 	103.0 	103.0 	104.1 	102.9 	102.3 	102.6 	103.8 	102.9 	102.2 	103.0 	102.6 b	103.6 	101.8 	102.0 	101.4 	103.6 	104.7 	103.2 	101.7 	102.4 	102.2 	100.7 	100.9 	100.7 	100.6 	99.8 	98.9 
Y20-64,SA,F,I06,DK	103.0 	102.8 	102.6 	102.3 	103.6 	103.6 	103.8 	105.0 	104.3 	105.6 	105.4 	104.4 	103.8 	102.3 	102.4 	102.3 b	100.9 	102.5 	101.5 	101.9 b	102.3 	100.5 	100.2 	99.0 	99.1 	98.7 	99.7 	99.1 	99.4 	99.9 	98.7 	99.3 	99.5 	98.6 	99.9 	99.2 	99.1 	99.2 	98.0 	99.3 	98.0 	98.8 	99.3 	98.5 	99.3 	100.1 	100.7 	101.1 	102.5 	102.0 	102.2 	102.3 b	102.1 	102.4 	101.5 	101.3 	100.4 	99.8 	99.9 	99.9 
Y20-64,SA,F,I06,EE	85.0 	85.1 	76.1 	84.5 	87.1 	85.6 	86.8 	87.7 	85.7 	85.2 	87.6 	86.9 	90.8 	90.5 	85.6 	90.1 	87.0 	86.9 	88.7 	87.0 	88.5 	88.7 	87.6 	87.7 	88.8 	87.8 	88.5 	86.1 	89.4 	86.9 	89.3 	86.7 	87.3 	86.2 	90.0 	89.6 	89.6 	91.4 	86.7 	86.0 	86.0 	83.2 	82.6 	86.6 	84.8 	84.9 	87.3 	90.3 	95.4 	100.5 	99.3 	97.2 	97.4 	100.4 	98.2 	99.9 	99.4 	100.1 	100.8 	99.6 
Y20-64,SA,F,I06,EL	84.4 	86.2 	63.3 	86.8 	94.2 	89.4 	90.5 	90.5 	89.6 	88.4 	87.2 	87.0 	87.5 	86.9 	87.5 	87.3 	86.1 	86.3 	86.2 	86.7 	86.8 	86.3 	85.4 	84.1 	84.6 	83.0 	82.8 	82.8 	81.2 	82.0 	82.5 	82.8 	84.8 	85.8 	86.9 	90.1 	91.6 	94.4 	95.8 	97.8 	98.7 	99.2 	100.9 	100.0 	100.5 	101.5 	101.1 	102.0 b	102.6 	101.2 	102.6 	101.2 	100.5 	99.6 	99.2 	99.4 	99.5 	100.5 	99.8 	100.2 
Y20-64,SA,F,I06,ES	102.6 	102.7 	78.2 	103.8 	109.8 	109.2 	108.7 	107.8 	107.8 	107.7 	106.6 	105.8 	104.1 	103.2 	102.9 	102.6 	102.4 	102.6 	102.3 	101.8 	100.8 	99.8 	98.6 	97.5 	97.6 	96.5 	96.5 	96.2 	96.2 	96.1 	95.5 	96.0 	96.4 	97.6 	98.8 	100.1 	101.2 	102.1 	102.9 	103.2 	102.7 	103.2 	103.3 	103.0 	103.7 	103.2 	103.0 	103.1 	107.7 	107.1 	106.8 	105.7 	105.1 	104.3 	103.4 	102.7 	101.5 	100.6 	99.4 	98.5 
Y20-64,SA,F,I06,EU27_2020	102.3 	104.0 	89.9 	102.5 	108.4 	107.2 	106.8 	107.1 	106.8 	106.8 	105.7 	106.1 	105.5 	104.9 	104.9 	105.6 	104.8 	104.2 	105.1 	104.2 	102.9 	102.8 	102.4 	100.7 	102.7 	101.6 	100.8 	100.3 	100.4 	100.3 	99.5 	99.5 	100.1 	100.3 	100.4 	101.5 	101.0 	100.7 	101.7 	101.8 	101.0 	101.5 	101.8 	101.8 	101.8 	102.0 	102.3 	101.4 	104.6 	104.4 	103.9 	103.0 	103.4 	102.6 	101.5 	101.2 	100.8 	100.2 	99.5 	99.4 
Y20-64,SA,F,I06,FI	100.3 	101.9 	95.9 	102.4 	101.6 	102.3 	102.8 	102.6 	101.7 	102.2 	101.6 	102.7 	100.4 	99.1 	99.5 	99.8 	98.5 	97.4 	99.8 	99.8 	98.7 	101.6 	97.3 	97.2 	100.1 	100.8 	98.7 	98.4 	97.8 	97.7 	98.2 	99.4 	98.6 	100.6 	99.8 	101.2 	102.4 	98.7 	101.5 	99.5 	101.4 	99.9 	102.5 	101.0 	100.4 	101.3 	100.2 	99.5 	103.3 	104.7 	103.8 	101.9 	102.7 	100.4 	100.5 	101.2 	100.0 	99.3 	99.9 	100.8 
Y20-64,SA,F,I06,FR	111.3 	110.3 	91.6 	106.3 	113.4 	113.9 	112.4 	111.1 	112.6 	112.9 	109.9 	109.8 	111.9 	109.3 	109.5 	110.6 	107.3 	109.9 	111.6 	110.3 	106.7 	108.9 	107.8 	106.2 	108.5 	107.5 	106.3 	105.8 b	104.9 	106.2 	103.2 	103.2 	105.9 	103.8 	104.0 	107.2 	103.7 	102.6 	105.4 	105.6 	101.9 	104.7 	105.5 	106.4 	101.0 	103.1 	103.3 	102.3 	106.1 	104.2 	105.4 	102.5 	104.8 	103.0 	101.5 	100.7 	102.1 	98.1 	99.2 	100.6 
Y20-64,SA,F,I06,HR	96.0 	95.8 	94.5 	96.8 	100.8 	101.6 	101.9 	103.0 	99.8 	99.4 	102.4 	101.3 	101.3 	101.1 	98.1 	96.8 	96.8 	93.2 	96.6 	95.5 	96.5 	97.6 	98.1 	99.0 	99.5 	100.2 	98.8 	98.8 	100.2 	98.4 	101.5 	99.7 	98.5 	101.7 	102.0 	102.9 	103.2 	104.4 	104.3 	105.8 	108.9 	107.5 	107.6 	110.2 	110.2 	111.2 	111.9 	110.0 	109.1 	109.1 	108.7 	107.0 	107.5 	106.4 	106.9 	104.1 	102.0 	100.8 	98.2 	99.0 
Y20-64,SA,F,I06,HU	107.3 	106.5 	95.8 	106.4 	113.8 	107.7 	106.4 	108.4 	106.5 	107.6 	109.7 	107.9 	106.8 	111.0 	109.2 	111.2 	112.7 	110.2 	110.5 	107.5 	106.2 	104.4 	103.8 	104.6 	103.9 	105.1 	101.6 	101.1 	99.7 	97.3 	96.6 	96.0 	92.7 	98.5 	99.2 	96.8 	97.9 	96.7 	96.6 	96.2 	98.2 	97.9 	97.7 	98.4 	96.7 	96.1 	97.9 	96.3 	98.3 	99.4 	97.7 	99.6 	98.8 	98.7 	99.4 	99.5 	100.1 	99.4 	100.1 	100.4 
Y20-64,SA,F,I06,IE	111.9 	113.7 	96.3 	117.9 	120.5 	121.5 	122.3 	122.4 	120.5 	119.4 	118.9 	117.0 	117.4 	116.7 b	115.7 	115.3 	113.5 	112.7 	111.9 	110.8 	108.5 	107.3 	106.1 	105.2 	105.4 	104.1 	103.4 	102.0 	101.4 	100.7 	99.6 	99.3 	98.0 	97.6 	96.9 	96.8 	97.5 	96.6 	97.6 	97.3 	97.0 	98.2 	99.2 	101.0 	100.3 	102.6 	103.3 	103.9 	107.1 	107.2 	108.3 	108.4 	108.8 	107.7 	106.6 	105.0 b	102.8 	100.6 	99.2 	97.4 
Y20-64,SA,F,I06,IS	112.7 b	119.2 	111.4 	118.7 	126.6 	118.2 	124.7 	122.9 	121.5 	123.7 	122.4 	119.3 	120.1 	118.7 	120.8 	121.9 	120.3 	125.3 	119.0 	116.3 	118.2 	118.2 	120.5 	116.5 	113.9 	117.4 	113.3 	109.5 	109.9 	107.0 	105.7 	102.7 	105.6 	109.2 	105.5 	104.9 	103.2 	102.9 	103.6 	109.8 	102.4 	99.6 	104.1 	102.9 	105.0 	99.4 	103.0 	103.4 	107.0 	108.5 	107.4 	104.8 	103.8 	99.2 	103.8 	103.5 	100.9 	101.1 	97.8 	100.3 
Y20-64,SA,F,I06,IT	98.9 	102.3 	82.4 	95.7 	107.1 	106.8 	106.7 	106.8 	106.5 	106.6 	106.5 	106.0 	106.3 	105.7 	103.1 	105.0 	104.1 	103.6 	103.1 	102.3 	101.4 	100.7 	100.3 	99.6 	101.2 	99.5 	99.2 	99.6 	99.6 	99.8 	100.0 	100.2 	100.5 	100.9 	101.2 	101.5 	101.8 	101.9 	102.0 	101.9 	101.6 	101.2 	101.0 	100.8 	100.3 	100.2 	100.0 	99.5 	103.4 	102.9 	102.4 	101.9 	101.5 	101.0 	100.5 	100.3 	100.1 	100.0 	100.0 	99.9 
Y20-64,SA,F,I06,LT	87.7 	89.8 	81.6 	90.9 	94.5 	94.8 	95.2 	96.0 	95.8 	95.9 	93.7 	94.5 	93.0 	93.1 	96.0 	95.6 	97.1 	97.6 	95.9 	97.0 	94.7 	93.1 	94.8 	93.6 	92.3 	92.1 	91.1 	90.3 	90.3 	89.6 	90.1 	90.5 	89.8 	90.7 	91.3 	90.7 	89.9 	89.1 	90.5 	89.2 	91.8 	94.4 	91.9 	93.4 	95.0 	95.0 	96.1 	98.6 	100.6 	102.6 	103.1 	103.3 	103.0 	102.8 	102.4 	102.2 	100.9 	99.1 	100.2 	99.8 
Y20-64,SA,F,I06,LU	177.1 	177.2 	160.7 	166.8 	175.6 	170.9 	175.2 	168.6 	171.6 	173.8 	162.8 	166.2 	158.3 	161.9 	156.7 	160.9 	152.4 	160.1 	148.0 	151.5 	151.1 	140.9 	148.3 	145.6 b	145.1 	138.3 	134.2 	132.9 	125.2 	121.8 	136.8 	127.4 	129.0 	124.6 	123.2 	126.9 	114.6 	110.6 	117.7 	115.1 	115.2 	115.0 	117.2 	104.4 	113.5 	109.0 	112.3 	106.0 b	95.6 	95.1 	107.4 	101.0 	114.5 	108.4 	99.4 	109.7 b	98.0 	109.7 	97.6 	94.7 
Y20-64,SA,F,I06,LV	71.7 	73.5 	73.3 	75.8 	77.5 	78.5 	78.3 	78.3 	79.9 	79.1 	81.6 	81.6 	79.8 	80.2 	79.3 	80.0 	81.7 	80.6 	81.4 	81.4 	80.7 	81.6 	82.1 	81.9 	82.1 	82.5 	83.2 	83.5 	83.5 	83.6 	84.1 	83.8 	83.9 	82.8 	82.1 	82.4 	82.7 	83.4 	84.3 	83.5 	83.6 	84.2 	82.2 	84.3 	85.5 	86.3 	90.4 	92.8 	95.2 	97.2 	99.9 	100.8 	101.7 	101.8 	100.8 	99.8 	100.1 	100.2 	99.9 	99.8 
Y20-64,SA,F,I06,MK	138.0 	131.2 	111.5 	129.3 	145.5 	140.9 	143.1 	141.0 	136.8 	137.1 	140.0 	131.8 	134.0 	135.8 	140.5 	133.7 	135.0 	129.7 	127.3 	131.4 	132.0 	130.1 	132.7 	129.5 	129.4 	129.9 	126.7 	120.7 	123.9 	126.7 	129.2 	125.9 	118.8 	116.6 	118.1 	115.9 	111.2 	117.5 	118.0 	117.6 	114.1 	114.0 	111.1 	99.5 	111.7 	110.0 	114.5 	100.4 	107.9 	107.9 	111.6 	108.8 	107.3 	106.7 	110.4 	107.9 	102.8 	105.1 	97.9 	94.2 
Y20-64,SA,F,I06,MT	241.7 	226.8 	203.7 	235.8 	241.0 	225.7 	231.7 	238.2 	218.7 	213.1 	213.5 	204.2 	199.8 	189.0 	186.5 	191.3 	181.2 	186.1 	183.4 	172.0 	164.6 	158.0 	167.9 	154.5 	154.7 	163.9 	154.8 	148.6 	154.2 	151.2 	140.4 	138.8 	145.7 	132.3 	132.8 	134.0 	124.8 	117.6 	121.3 	124.5 	123.6 	122.1 	113.4 	123.8 	125.8 	118.5 	115.8 	113.1 	110.3 	121.4 	116.9 	109.1 	106.0 	106.7 	106.6 	104.6 	99.7 	100.3 	102.3 	97.7 
Y20-64,SA,F,I06,NL	125.0 	126.4 	118.4 	125.9 	126.7 	126.3 	127.7 	125.5 	124.4 	122.5 	120.8 	119.8 	120.5 	120.9 	119.2 	118.0 	116.9 	116.0 	114.4 	114.5 	111.8 	111.9 	110.9 	112.0 	112.0 	110.5 	110.9 	109.5 	111.1 	110.4 	110.2 	108.7 	110.6 	110.2 	110.1 	110.4 	109.4 	108.6 	109.6 	110.3 	108.4 	108.9 	105.8 	108.6 	107.7 	108.5 	109.4 	109.7 	108.5 	108.1 	107.8 	104.2 	105.0 	104.3 	103.4 	102.3 	101.1 	99.1 	100.0 	99.8 
Y20-64,SA,F,I06,NO	111.8 	115.3 	113.0 	111.6 	115.6 	115.8 	114.7 	115.0 	114.6 	115.5 	115.2 	114.5 	114.8 	113.6 	113.7 	117.1 	115.7 	112.2 	113.0 	114.6 	110.9 	115.8 	113.1 	110.6 	113.0 	112.9 	113.0 	110.7 	111.7 	108.9 	111.7 	108.7 	108.9 	111.4 	109.0 	110.4 	111.4 	105.7 	108.0 	109.8 	105.7 	103.4 	107.1 	105.0 	101.2 	105.5 	106.7 	104.3 	108.1 	110.2 	109.4 	102.3 	104.9 	102.8 	100.4 	101.5 	100.9 	100.7 	97.6 	100.7 
Y20-64,SA,F,I06,PL	104.6 	104.5 	93.4 	104.0 	104.9 	105.0 	105.1 	109.7 	105.7 	106.9 	106.7 	107.6 	107.3 	106.9 	108.3 	109.7 	109.2 	109.1 	109.6 	107.9 	108.4 	108.1 	108.2 	106.8 	107.1 	105.4 	104.7 	104.7 	103.2 	103.4 	103.0 	102.3 	103.5 	103.5 	103.6 	104.6 	103.9 	104.1 	104.5 	104.7 	103.8 	104.0 	104.1 	103.7 b	106.4 	106.9 	107.9 	108.1 	108.3 	107.4 	108.2 	107.1 	105.8 	105.4 	103.9 	103.3 	101.9 	100.7 	99.2 	98.2 
Y20-64,SA,F,I06,PT	93.6 	93.3 	67.2 	92.8 	100.0 	97.5 	96.8 	97.8 	97.9 	97.7 	98.1 	96.6 	94.1 	95.0 	94.2 	96.3 	91.4 	91.4 	93.1 	92.4 	93.1 	93.6 	93.3 	90.0 	92.9 	91.5 	89.8 	90.4 	92.0 	87.9 	88.1 	85.1 	88.1 	88.9 	90.3 	93.1 	92.2 	93.3 	95.3 	94.5 b	95.0 	99.3 	98.9 	99.2 	97.3 	96.8 	97.2 	98.5 	100.0 	99.6 	100.0 	97.6 	99.5 	98.7 	96.5 	99.9 	97.6 	100.5 	100.5 	101.5 
Y20-64,SA,F,I06,RO	86.4 	85.4 	73.9 	87.7 	89.6 	88.9 	88.6 	89.1 	88.8 	89.0 	88.4 	88.8 	88.9 	90.4 	90.9 	89.5 	87.4 	86.8 	86.1 	87.8 	87.1 	86.8 	86.7 	86.1 	88.8 	88.6 	87.9 	89.2 	88.2 	87.7 	89.1 	88.3 	89.0 	89.4 	89.3 	89.3 	89.1 	88.8 	88.7 	89.8 	89.2 	90.5 	91.1 	89.4 b	96.5 	96.8 	97.5 	97.8 	98.8 	98.8 	98.2 	98.8 	100.0 	98.8 	99.7 	100.3 	98.1 	101.3 	100.7 	99.8 
Y20-64,SA,F,I06,SE	114.0 	113.1 	114.5 	114.5 	118.9 	115.7 	118.6 	119.0 	120.3 	118.9 b	119.3 	120.8 	119.0 	119.0 	117.5 	117.5 	116.1 	116.4 	117.0 	115.5 	111.1 	113.4 	113.2 	110.3 	112.6 	114.4 	111.1 	109.1 	111.4 	110.1 	108.0 	110.3 	109.1 	109.8 	108.5 	109.5 	109.4 	108.5 	109.3 	108.0 	105.1 	105.1 	105.0 	104.9 	100.5 	105.4 	102.9 	102.2 	105.4 	103.2 	106.9 	104.0 	105.1 	103.4 	102.6 	103.0 	102.0 	99.8 	98.2 	100.0 
Y20-64,SA,F,I06,SI	94.5 	98.8 	83.8 	97.9 	99.5 	101.3 	98.8 	98.2 	99.3 	99.6 	97.4 	99.1 	97.9 	95.4 	95.3 	98.3 	94.7 	95.1 	98.0 	94.1 	95.0 	93.9 	91.8 	91.5 	91.6 	92.5 	94.8 	95.2 	91.1 	93.3 	95.2 	95.2 	96.5 	97.6 	91.8 	97.0 	97.6 	95.4 	96.7 	94.8 	99.6 	95.5 	98.2 	96.3 	100.8 	96.1 	96.5 	100.0 	101.7 	100.0 	102.6 	101.8 	101.1 	102.8 	101.7 	100.4 	96.4 	100.8 	102.5 	100.2 
Y20-64,SA,F,I06,SK	103.1 	104.5 	84.2 	98.3 	110.8 	108.2 	108.1 	108.5 	107.5 	105.8 	106.2 	104.3 	104.4 	105.7 	103.7 	106.1 	104.6 	103.3 	105.6 	102.9 	102.9 	101.7 	99.6 	98.1 	98.2 	97.8 	98.3 	99.8 	100.2 	100.3 	100.0 	99.0 	98.6 	99.5 	98.7 	99.4 	98.9 	98.5 	99.4 	100.3 b	100.5 	100.6 	101.6 	100.9 	100.2 	101.1 	100.5 	101.7 	105.1 	105.2 	106.1 	104.2 	103.1 	102.7 	101.3 	102.3 	100.7 	100.0 	99.9 	99.4 
Y20-64,SA,F,I06,TR	137.6 	142.9 	106.5 	150.3 	157.3 	158.0 	158.8 	161.8 	159.3 	160.5 	162.6 	161.5 	161.5 	159.5 	154.1 	152.6 	149.2 	148.5 	151.1 	149.7 	150.3 	145.6 	144.5 	141.8 	138.8 	140.3 	138.5 	139.8 b	140.0 	128.1 	139.9 	138.8 	137.7 	135.0 	133.6 	130.9 	115.0 	127.6 	124.1 	123.0 	119.8 	105.6 	115.5 	111.9 	108.2 	105.1 	103.0 	101.8 	102.3 	102.0 	103.0 	107.6 	94.5 	97.0 	99.5 	98.2 	100.0 	99.9 	99.4 	100.6 
Y20-64,SA,F,I06,UK	: 	106.1 	98.6 	119.0 	119.7 	118.7 	119.6 	119.1 	117.6 	117.1 	116.0 	115.8 	115.4 	115.0 	114.8 	114.8 	113.6 	113.0 	113.0 	111.8 	110.6 	110.2 	109.3 	109.4 	110.2 	109.4 	108.9 	107.3 	106.8 	105.8 	105.1 	104.8 	104.1 	103.3 	102.4 	101.7 	101.0 	101.2 	101.3 	101.9 	100.3 	100.8 	100.3 	100.2 	101.0 	100.2 	101.2 	101.4 	101.1 	101.9 	101.2 	100.8 b	101.5 	100.7 	100.5 	99.8 b	100.1 	99.8 	99.9 	100.2 
Y20-64,SA,M,I06,AT	93.7 	94.7 	84.7 	96.3 	105.5 	99.9 	101.0 	101.6 	101.5 	100.7 	99.7 	99.7 	99.3 	98.2 	98.8 	99.2 	98.2 	99.2 	99.2 	98.7 	93.8 	97.9 	97.2 	96.4 	97.3 	96.6 	96.4 	96.0 	96.3 	96.2 	96.5 	97.0 	96.9 	97.6 	97.8 	98.0 	98.6 	98.1 	98.6 	98.6 	97.4 	97.4 	96.8 	96.8 	96.8 	97.5 	96.5 	94.7 	102.8 	101.5 	102.6 	102.1 	101.8 	102.7 	101.2 	101.8 	101.1 	100.0 	99.9 	98.9 
Y20-64,SA,M,I06,BE	92.1 	97.3 	80.8 	96.4 	98.2 	98.7 	101.0 	99.1 	98.2 	97.0 	97.1 	99.2 	96.6 	96.4 	97.4 	100.8 b	107.8 	109.8 	109.4 	108.5 	105.9 	108.6 	105.8 	107.2 	110.9 	107.1 	106.6 	106.5 	108.0 	110.1 	111.7 	105.3 	104.8 	108.0 	106.0 	108.9 	105.4 	105.3 	109.6 	106.4 	105.4 	106.8 	105.3 	107.5 	104.0 	100.6 	98.2 	100.6 	106.0 	103.5 	105.8 	103.2 	104.4 	103.4 	103.2 	104.5 	101.5 	98.6 	99.2 	100.8 
Y20-64,SA,M,I06,BG	97.7 	98.6 	91.2 	100.0 	101.5 	101.6 	101.6 	101.1 	99.4 	98.7 	98.7 	99.7 	100.0 	100.5 	100.6 	98.1 	96.6 	95.1 	95.0 	97.0 	97.8 	97.5 	96.8 	95.5 	95.1 	95.4 	95.2 	94.9 	94.3 	94.1 	94.0 	93.7 	94.0 	94.4 	94.6 	95.3 	96.2 	96.1 	96.0 	97.5 b	98.4 	100.4 	102.0 	101.1 b	99.8 	99.7 	101.0 	102.6 	106.8 	109.4 	109.6 	109.6 	107.6 	105.4 	104.1 	103.2 	102.1 	101.3 	101.1 	95.5 
Y20-64,SA,M,I06,CH	100.2 	98.5 	94.9 	103.6 	103.7 	103.3 	104.0 	104.2 	103.4 	103.5 	104.1 	103.3 	103.8 	103.6 	102.5 	102.7 	103.0 	103.1 	103.8 	104.9 	102.2 	102.2 	101.4 	100.1 	100.4 	99.3 	98.7 	97.8 	99.5 	99.7 	100.6 	99.6 	99.9 	100.0 	99.2 	100.5 	99.6 	99.7 	99.8 	99.8 	99.5 	99.5 	99.2 	99.6 b	99.9 	100.0 	100.2 	100.4 	100.6 	100.8 	101.5 	100.8 	100.6 	100.3 	99.9 	100.1 	100.1 	100.0 	99.9 	100.0 
Y20-64,SA,M,I06,CY	101.3 	101.8 	82.2 	102.8 	104.7 	103.7 	104.3 	104.1 	102.5 	101.9 	99.7 	99.2 	96.9 	96.8 	95.6 	94.8 	93.9 	90.8 	91.3 	89.5 	88.8 	89.3 	88.6 	88.3 	89.2 	88.6 	89.1 	89.7 	88.7 	91.0 	90.5 	93.9 	95.9 	97.0 	97.7 	98.8 	98.4 	99.4 	100.8 	101.6 	102.6 	99.8 	101.9 	99.5 	99.7 	99.1 	99.8 	100.2 b	102.2 	103.2 	102.9 	103.9 	103.2 	103.1 	102.8 	103.0 	101.0 	99.7 	99.5 	99.9 
Y20-64,SA,M,I06,CZ	90.7 	92.8 	92.3 	94.3 	96.9 	97.0 	99.0 	98.6 	98.8 	98.1 	98.2 	98.1 	98.3 	98.1 	97.5 	98.3 	98.2 	97.0 	98.5 	97.6 	95.8 	97.5 	96.4 	96.2 	97.0 	96.4 	96.3 	95.9 	95.7 	95.9 	95.0 	95.3 	96.2 	95.4 	96.3 	97.0 	96.8 	97.4 	98.6 	98.5 b	98.9 	99.7 	99.7 	100.4 	100.1 	100.4 	101.2 	101.1 	103.3 	104.4 	103.6 	104.1 	102.7 	101.5 	101.4 	100.9 	100.3 	100.2 	99.8 	99.6 
Y20-64,SA,M,I06,DE	: 	: 	: 	: 	101.4 	97.8 	99.5 	98.9 	99.3 	98.7 	98.8 	99.3 	98.6 	99.4 	99.4 	99.4 	100.0 	99.6 	99.9 	100.0 	97.3 	96.6 	96.3 	96.1 	96.6 	96.6 	96.3 	96.0 	95.8 	95.4 	96.2 	95.9 	95.9 	97.0 	96.7 	97.3 	97.3 	96.9 	97.2 	97.4 	96.5 	96.3 	96.7 	96.1 b	96.9 	96.4 	96.5 	96.7 	100.8 	101.7 	101.1 	101.2 	101.0 	100.9 	100.8 	100.4 	100.7 	100.1 	99.8 	99.4 
Y20-64,SA,M,I06,DK	96.3 	96.1 	93.9 	94.9 	96.7 	96.4 	97.1 	98.3 	97.2 	99.2 	98.5 	97.6 	96.9 	95.5 	96.7 	96.2 b	95.2 	96.6 	95.6 	96.1 b	97.0 	95.1 	94.8 	93.5 	93.5 	92.5 	94.1 	92.1 	92.0 	92.0 	92.0 	93.5 	92.0 	92.7 	92.7 	93.5 	95.1 	94.8 	95.6 	94.9 	93.1 	94.8 	93.3 	93.6 	93.3 	92.1 	93.7 	94.3 	97.9 	99.5 	100.9 	98.9 b	98.8 	99.5 	99.3 	100.6 	100.3 	99.8 	99.3 	100.5 
Y20-64,SA,M,I06,EE	90.3 	91.0 	85.6 	89.2 	94.5 	91.6 	95.7 	94.6 	95.7 	90.3 	97.5 	92.4 	96.0 	94.0 	94.8 	94.7 	93.6 	95.1 	95.6 	89.9 	94.9 	94.9 	92.4 	89.5 	94.9 	89.4 	91.1 	87.2 	91.1 	89.0 	93.7 	85.9 	91.0 	90.5 	90.2 	88.6 	90.5 	91.4 	88.9 	89.4 	86.5 	82.7 	77.7 	75.9 	76.8 	81.5 	82.6 	84.3 	95.4 	100.6 	101.0 	101.9 	102.1 	99.6 	103.5 	99.9 	101.5 	98.8 	101.7 	98.1 
Y20-64,SA,M,I06,EL	74.6 	76.3 	59.9 	76.5 	82.4 	78.6 	80.1 	80.9 	81.2 	80.3 	79.8 	79.8 	79.4 	78.7 	78.2 	77.5 	77.0 	76.8 	77.2 	77.4 	76.2 	76.2 	74.7 	73.6 	73.9 	72.9 	73.3 	73.6 	73.6 	74.3 	74.7 	74.9 	75.9 	76.7 	77.6 	80.2 	81.6 	84.4 	86.3 	88.5 	90.4 	91.8 	94.0 	94.6 	95.2 	96.8 	96.8 	97.4 b	99.3 	98.6 	100.0 	99.8 	99.3 	99.5 	99.4 	99.9 	99.9 	100.1 	99.9 	100.2 
Y20-64,SA,M,I06,ES	81.0 	82.4 	63.2 	85.3 	86.6 	87.4 	87.8 	87.9 	87.5 	87.0 	86.4 	85.6 	84.8 	84.2 	83.8 	83.4 	83.2 	83.3 	83.5 	83.6 	83.4 	82.8 	82.0 	81.4 	80.9 	80.3 	79.5 	78.8 	78.3 	78.1 	78.2 	78.6 	79.3 	80.3 	81.5 	83.1 	84.7 	86.3 	87.5 	88.4 	88.8 	89.1 	89.5 	89.9 	90.5 	91.0 	91.4 	92.0 	99.0 	99.9 	100.8 	101.4 	101.5 	101.4 	101.1 	100.8 	100.5 	100.1 	99.8 	99.6 
Y20-64,SA,M,I06,EU27_2020	93.3 	93.5 	83.3 	93.7 	97.6 	97.6 	97.5 	97.4 	97.3 	97.2 	97.0 	96.8 	96.7 	96.6 	96.6 	96.6 	96.5 	96.5 	96.3 	96.0 	95.4 	94.8 	94.1 	93.0 	94.6 	94.0 	93.5 	93.0 	92.8 	92.7 	92.7 	92.9 	93.3 	93.8 	94.3 	94.9 	95.4 	95.9 	96.3 	96.5 	96.6 	96.6 	96.7 	96.8 	96.9 	97.1 	97.2 	97.3 	101.6 	101.8 	101.8 	101.8 	101.7 	101.5 	101.2 	100.9 	100.6 	100.2 	99.8 	99.4 
Y20-64,SA,M,I06,FI	97.9 	98.0 	95.2 	97.5 	98.1 	99.0 	100.2 	100.0 	98.8 	100.1 	98.3 	99.3 	98.6 	97.2 	97.1 	97.6 	98.1 	96.4 	99.2 	96.0 	94.0 	95.4 	94.6 	93.7 	95.4 	95.2 	94.3 	94.5 	94.3 	95.8 	95.5 	97.5 	96.7 	98.0 	98.0 	98.9 	99.1 	96.3 	100.2 	98.5 	98.6 	96.0 	97.8 	97.1 	94.9 	96.4 	95.4 	95.8 	102.0 	104.4 	103.6 	102.5 	101.7 	100.3 	101.6 	100.6 	100.2 	100.4 	98.7 	100.6 
Y20-64,SA,M,I06,FR	97.2 	98.9 	79.5 	93.1 	100.3 	100.5 	99.6 	99.7 	100.6 	101.1 	98.7 	99.6 	101.1 	99.4 	99.6 	101.3 	98.8 	100.3 	101.8 	100.0 	96.8 	99.6 	97.3 	96.0 	100.3 	99.4 	97.3 	97.4 b	97.8 	99.5 	96.7 	96.5 	99.9 	98.7 	98.6 	101.6 	99.0 	98.7 	101.3 	102.3 	98.1 	99.2 	101.6 	101.2 	97.4 	98.0 	98.9 	97.9 	103.0 	101.3 	102.5 	99.1 	101.8 	99.5 	99.7 	99.8 	100.7 	98.7 	99.6 	101.0 
Y20-64,SA,M,I06,HR	89.9 	96.9 	91.0 	92.3 	95.3 	96.4 	98.4 	99.4 	97.8 	97.8 	97.7 	97.6 	97.5 	97.6 	97.8 	97.0 	96.3 	90.7 	94.6 	92.4 	93.5 	94.2 	93.6 	95.7 	96.7 	96.8 	97.3 	95.8 	94.2 	93.3 	93.4 	94.3 	95.1 	97.8 	99.5 	100.4 	102.4 	103.5 	104.6 	106.0 	106.8 	107.7 	107.8 	109.7 	110.2 	110.3 	112.1 	111.8 	114.0 	114.7 	115.8 	114.2 	113.7 	113.6 	113.2 	112.3 	100.4 	100.0 	99.3 	100.2 
Y20-64,SA,M,I06,HU	102.9 	103.9 	103.6 	105.5 	107.6 	107.2 	107.6 	107.5 	106.0 	106.8 	107.5 	106.9 	106.7 	107.8 	107.4 	108.1 	108.2 	107.2 	106.8 	104.8 	103.2 	101.9 	101.1 	100.6 	99.9 	99.6 	98.3 	97.8 	96.6 	95.2 	93.8 	91.2 	88.5 	93.6 	93.2 	92.7 	92.7 	92.5 	92.2 	91.7 	91.9 	91.8 	91.7 	92.0 	92.0 	92.2 	93.7 	94.0 	95.8 	97.0 	97.3 	98.6 	98.6 	99.0 	99.6 	99.8 	100.1 	100.0 	100.1 	99.8 
Y20-64,SA,M,I06,IE	92.1 	94.4 	78.5 	98.1 	99.7 	100.0 	100.0 	99.2 	97.9 	97.0 	97.2 	96.3 	96.5 	96.8 b	95.2 	95.5 	94.3 	93.2 	93.0 	91.5 	89.8 	90.2 	89.8 	88.9 	88.8 	87.3 	86.3 	86.0 	85.5 	84.9 	83.9 	82.4 	81.4 	80.5 	80.2 	80.5 	80.9 	81.2 	81.8 	82.1 	81.9 	82.9 	84.0 	84.8 	84.5 	86.8 	88.8 	92.0 	96.9 	99.2 	102.0 	102.0 	103.8 	103.9 	103.5 	103.0 b	102.1 	100.3 	99.4 	98.2 
Y20-64,SA,M,I06,IS	99.0 b	103.2 	98.1 	105.4 	107.1 	107.5 	108.4 	105.6 	106.3 	107.5 	105.1 	108.7 	105.0 	103.0 	106.7 	102.7 	101.5 	104.4 	101.1 	101.6 	101.5 	98.2 	98.6 	95.9 	96.9 	96.8 	96.5 	91.9 	91.6 	92.5 	91.5 	89.1 	87.3 	85.8 	88.3 	89.9 	90.2 	90.0 	84.7 	87.2 	86.4 	84.5 	88.8 	88.2 	89.9 	88.0 	89.5 	88.7 	98.9 	104.6 	107.0 	104.7 	105.0 	101.4 	103.0 	104.2 	105.4 	101.3 	97.0 	96.3 
Y20-64,SA,M,I06,IT	88.0 	91.8 	72.7 	85.8 	95.5 	95.2 	94.9 	95.3 	95.3 	95.4 	95.6 	94.8 	94.7 	94.3 	94.1 	94.2 	93.6 	93.1 	95.1 	92.1 	91.2 	91.0 	90.4 	89.6 	90.0 	89.4 	89.2 	89.5 	89.5 	89.6 	89.9 	90.4 	91.0 	91.9 	92.7 	93.5 	94.9 	95.9 	96.5 	96.8 	96.5 	96.4 	96.5 	96.8 	96.6 	96.4 	96.2 	95.5 	99.9 	100.1 	100.5 	100.2 	101.0 	101.0 	100.7 	101.1 	100.4 	100.1 	100.0 	99.4 
Y20-64,SA,M,I06,LT	89.1 	89.6 	83.0 	91.3 	92.1 	92.1 	92.3 	92.5 	92.3 	92.3 	92.1 	90.4 	88.9 	88.6 	89.0 	89.7 	91.3 	92.1 	91.5 	91.3 	91.5 	90.2 	90.0 	90.1 	88.8 	89.0 	88.3 	88.3 	87.7 	87.4 	87.1 	86.8 	85.7 	85.3 	85.6 	85.2 	85.2 	82.2 	85.0 	84.7 	84.9 	83.8 	81.8 	80.9 	83.1 	85.2 	87.7 	91.3 	99.1 	100.8 	103.0 	103.2 	103.5 	103.4 	101.9 	101.7 	100.4 	99.7 	100.4 	99.5 
Y20-64,SA,M,I06,LU	142.8 	140.9 	129.2 	136.2 	142.4 	142.6 	143.7 	145.6 	141.0 	139.7 	135.3 	135.4 	133.9 	134.4 	134.8 	132.4 	132.6 	135.5 	134.5 	134.3 	133.5 	130.4 	128.6 	131.2 b	125.3 	122.3 	123.1 	115.2 	118.1 	118.5 	121.1 	109.5 	119.9 	118.3 	118.6 	116.8 	110.7 	112.5 	110.8 	117.1 	110.2 	106.8 	110.9 	110.6 	110.7 	111.8 	117.9 	113.7 b	92.3 	101.3 	105.8 	101.0 	105.3 	101.4 	101.9 	105.7 b	99.4 	107.0 	96.5 	97.1 
Y20-64,SA,M,I06,LV	70.6 	72.7 	67.7 	73.8 	75.0 	75.0 	74.0 	75.0 	76.4 	77.4 	78.3 	78.7 	77.5 	74.9 	74.3 	76.5 	74.4 	74.5 	77.6 	76.2 	75.2 	76.8 	76.8 	78.0 	77.5 	76.5 	77.5 	76.9 	77.2 	76.1 	76.4 	78.0 	75.7 	76.7 	75.5 	72.9 	75.9 	74.2 	73.6 	75.7 	73.0 	72.3 	70.5 	68.9 	71.1 	73.6 	78.4 	81.5 	87.4 	94.6 	97.2 	97.2 	99.9 	100.5 	99.2 	100.8 	100.4 	99.5 	99.4 	100.8 
Y20-64,SA,M,I06,MK	124.3 	118.4 	100.0 	122.8 	128.5 	132.2 	133.3 	134.0 	128.4 	129.6 	126.1 	123.4 	125.6 	128.6 	130.8 	130.1 	126.8 	122.3 	123.8 	124.6 	120.6 	120.4 	115.9 	119.3 	121.3 	118.2 	116.4 	118.1 	116.8 	116.6 	114.0 	115.2 	113.6 	111.5 	109.7 	108.0 	108.2 	106.2 	108.2 	107.2 	110.4 	109.5 	110.5 	106.0 	109.9 	110.3 	110.7 	106.2 	108.7 	109.2 	105.1 	106.7 	100.8 	101.4 	102.2 	102.3 	98.7 	100.9 	101.1 	99.3 
Y20-64,SA,M,I06,MT	135.6 	137.3 	128.0 	146.1 	153.3 	145.7 	144.7 	145.8 	136.4 	136.9 	135.0 	129.0 	129.4 	125.7 	122.0 	123.1 	120.4 	120.5 	121.0 	118.2 	115.6 	113.6 	112.9 	111.1 	110.4 	108.8 	106.8 	106.7 	107.7 	105.3 	105.6 	103.6 	101.8 	103.2 	102.4 	101.9 	101.4 	100.2 	100.8 	101.8 	101.5 	102.7 	104.1 	103.4 	104.0 	102.8 	102.0 	102.9 	103.0 	104.5 	104.3 	103.4 	103.6 	103.4 	101.7 	101.4 	100.2 	98.5 	100.7 	100.6 
Y20-64,SA,M,I06,NL	99.0 	101.7 	96.6 	100.5 	102.0 	101.5 	102.7 	101.3 	101.0 	100.3 	99.7 	99.2 	99.4 	100.2 	99.9 	99.2 	99.4 	98.7 	98.4 	99.4 	97.3 	97.0 	95.2 	97.1 	97.1 	96.9 	98.1 	96.3 	97.5 	96.3 	95.9 	94.5 	97.4 	97.3 	98.0 	98.2 	98.6 	97.8 	99.3 	101.0 	98.7 	99.7 	96.4 	98.8 	97.7 	98.6 	100.7 	100.7 	101.3 	101.6 	102.3 	99.6 	100.9 	100.6 	100.9 	101.5 	100.4 	99.3 	99.9 	100.4 
Y20-64,SA,M,I06,NO	100.3 	103.3 	100.8 	102.3 	105.7 	105.2 	106.9 	106.5 	106.9 	108.0 	104.7 	106.5 	104.4 	103.2 	104.0 	105.8 	106.1 	103.3 	103.8 	106.0 	101.8 	105.6 	104.5 	104.5 	106.0 	107.9 	108.5 	105.1 	105.4 	103.7 	103.3 	103.8 	103.2 	106.4 	105.7 	105.6 	106.5 	101.0 	101.0 	102.6 	101.2 	99.1 	102.3 	100.7 	98.7 	100.7 	103.8 	100.0 	104.3 	105.3 	107.0 	102.1 	102.9 	102.1 	100.9 	101.3 	101.7 	99.9 	97.2 	101.1 
Y20-64,SA,M,I06,PL	102.4 	103.8 	96.4 	104.0 	104.8 	103.9 	103.6 	107.6 	104.3 	104.7 	104.6 	105.6 	105.8 	106.5 	107.0 	108.5 	107.3 	106.4 	108.2 	106.7 	106.7 	106.9 	106.3 	105.4 	106.5 	105.3 	104.7 	103.9 	102.9 	103.3 	102.5 	102.5 	103.2 	103.6 	103.2 	104.2 	103.8 	103.3 	104.2 	104.4 	103.7 	103.4 	103.1 	102.5 b	104.0 	105.7 	106.1 	106.0 	107.0 	106.6 	107.5 	106.6 	104.8 	104.1 	103.3 	103.8 	103.2 	101.7 	99.0 	96.1 
Y20-64,SA,M,I06,PT	80.5 	79.1 	66.1 	80.7 	86.3 	85.9 	84.9 	85.4 	85.4 	85.4 	83.9 	83.1 	83.6 	85.1 	83.7 	82.8 	80.5 	79.9 	80.9 	81.4 	81.0 	80.8 	81.4 	79.8 	79.9 	80.0 	80.2 	78.1 	80.0 	77.2 	76.6 	76.5 	77.7 	79.6 	81.0 	84.2 	84.8 	86.0 	88.2 	89.7 b	89.7 	92.8 	93.1 	93.5 	93.0 	92.2 	94.0 	94.9 	97.4 	97.2 	97.7 	98.8 	98.8 	98.9 	97.5 	97.8 	97.6 	99.9 	101.1 	101.4 
Y20-64,SA,M,I06,RO	96.5 	96.5 	84.2 	97.9 	98.6 	98.4 	98.1 	97.7 	96.9 	97.6 	96.9 	96.7 	96.7 	96.0 	96.5 	95.8 	95.2 	95.1 	94.5 	94.9 	94.8 	94.8 	94.8 	94.2 	95.1 	95.1 	95.1 	95.7 	94.8 	94.6 	94.4 	94.3 	95.0 	94.9 	94.7 	93.8 	93.4 	93.1 	93.2 	94.4 	94.9 	95.9 	97.8 	95.5 b	99.6 	101.1 	100.5 	100.8 	101.9 	101.6 	102.2 	102.3 	101.5 	100.8 	100.9 	100.7 	100.4 	100.5 	99.7 	99.3 
Y20-64,SA,M,I06,SE	103.7 	103.9 	105.1 	107.7 	110.7 	111.9 	110.7 	110.3 	110.3 	110.7 b	109.1 	112.6 	110.0 	108.8 	108.7 	109.3 	107.8 	107.8 	109.0 	106.6 	103.1 	104.3 	105.4 	101.8 	105.5 	103.9 	104.0 	100.9 	103.6 	103.9 	101.9 	103.0 	103.0 	103.0 	102.3 	104.4 	104.3 	103.3 	104.0 	104.5 	103.2 	102.6 	103.8 	101.3 	96.8 	100.3 	98.6 	97.8 	103.0 	101.4 	104.7 	102.7 	102.9 	101.9 	101.1 	103.0 	101.5 	100.1 	98.2 	100.2 
Y20-64,SA,M,I06,SI	99.5 	98.7 	85.7 	98.5 	98.3 	101.3 	99.2 	101.1 	99.1 	98.3 	98.7 	97.1 	96.7 	95.3 	95.4 	95.1 	92.7 	93.2 	95.1 	95.0 	95.3 	95.9 	94.8 	94.8 	94.1 	92.9 	94.0 	92.6 	92.7 	93.8 	94.4 	94.1 	95.2 	95.3 	91.2 	93.2 	95.0 	92.7 	94.4 	94.1 	96.9 	96.7 	98.0 	98.1 	99.7 	97.9 	97.6 	98.3 	100.3 	103.7 	104.9 	103.2 	103.6 	102.5 	102.9 	101.9 	98.7 	100.0 	99.3 	102.0 
Y20-64,SA,M,I06,SK	93.7 	103.4 	85.5 	94.8 	103.3 	103.2 	103.1 	103.0 	102.9 	102.3 	101.9 	101.4 	100.9 	101.0 	100.5 	100.7 	100.7 	100.6 	101.6 	101.8 	101.8 	101.9 	97.6 	97.3 	97.8 	97.2 	96.8 	96.5 	96.4 	96.9 	97.1 	97.5 	97.7 	98.1 	97.5 	97.7 	97.7 	97.1 	97.9 	98.1 b	97.4 	97.3 	97.3 	97.1 	97.8 	98.7 	98.7 	98.5 	105.1 	104.3 	104.2 	104.3 	103.7 	103.4 	102.0 	101.4 	100.4 	99.9 	100.0 	99.8 
Y20-64,SA,M,I06,TR	103.2 	103.7 	73.9 	105.6 	108.3 	108.4 	107.9 	109.2 	110.2 	112.0 	114.0 	114.9 	115.3 	115.1 	113.6 	112.5 	111.8 	110.6 	111.8 	111.7 	111.9 	111.3 	111.0 	110.2 	109.6 	111.5 	110.8 	110.7 b	110.5 	107.9 	110.1 	110.2 	111.6 	110.7 	108.5 	106.6 	103.9 	106.8 	105.3 	105.5 	106.3 	95.7 	99.0 	98.9 	98.7 	98.2 	96.3 	96.3 	98.1 	99.4 	100.4 	100.9 	99.1 	99.2 	98.8 	97.2 	99.6 	100.2 	100.2 	100.0 
Y20-64,SA,M,I06,UK	: 	94.6 	87.4 	106.0 	107.5 	108.4 	109.3 	110.1 	108.0 	107.7 	109.1 	108.0 	105.8 	106.1 	108.9 	109.0 	106.1 	106.2 	108.8 	107.0 	103.7 	104.3 	105.1 	104.9 	104.7 	104.2 	104.1 	102.9 	101.5 	101.9 	101.9 	100.4 	99.9 	100.1 	100.4 	100.1 	98.1 	97.7 	99.5 	100.6 	98.0 	97.5 	97.8 	96.8 	97.5 	97.1 	97.2 	98.9 	99.9 	101.5 	101.0 	99.8 b	102.8 	102.3 	99.7 	99.9 b	102.1 	100.7 	98.5 	98.7 
Y20-64,SA,T,I06,AT	95.0 	99.0 	87.3 	99.1 	107.6 	103.5 	103.9 	104.6 	103.8 	102.9 	102.3 	103.0 	102.1 	100.8 	101.5 	102.5 	101.0 	101.6 	102.1 	101.2 	97.0 	100.7 	99.6 	98.5 	100.3 	98.9 	98.9 	98.9 	99.3 	98.8 	99.1 	99.5 	99.2 	99.7 	99.6 	100.4 	100.2 	99.8 	100.7 	100.9 	99.1 	99.3 	98.8 	99.0 	97.7 	99.8 	98.8 	96.4 	103.0 	102.6 	103.4 	102.5 	102.1 	102.7 	101.1 	102.0 	101.4 	100.0 	99.7 	98.9 
Y20-64,SA,T,I06,BE	97.8 	103.1 	87.2 	101.4 	104.5 	104.0 	106.5 	105.2 	104.6 	103.1 	102.2 	104.3 	101.6 	100.9 	102.7 	105.7 b	112.0 	113.7 	113.5 	113.6 	110.5 	112.6 	111.0 	111.6 	115.3 	111.7 	111.4 	110.4 	110.6 	113.4 	114.1 	108.6 	108.0 	110.6 	108.5 	111.1 	107.6 	107.9 	111.4 	108.1 	107.8 	107.9 	106.6 	111.1 	106.1 	103.8 	101.0 	103.1 	106.6 	106.2 	107.1 	104.8 	105.9 	104.0 	104.1 	104.4 	101.2 	98.0 	99.3 	101.6 
Y20-64,SA,T,I06,BG	95.8 	97.9 	89.1 	98.7 	100.8 	100.4 	100.9 	100.8 	98.7 	97.8 	98.2 	99.2 	99.2 	99.7 	99.9 	97.7 	96.2 	94.6 	94.9 	96.5 	97.8 	97.5 	96.6 	95.8 	95.6 	95.5 	95.1 	94.6 	94.0 	94.8 	94.1 	93.8 	93.4 	94.7 	94.3 	95.8 	96.9 	95.8 	95.9 	97.4 b	98.2 	99.8 	100.9 	100.2 b	99.8 	100.2 	101.7 	102.6 	106.3 	108.6 	108.8 	109.6 	107.2 	104.7 	104.0 	102.8 	102.1 	100.9 	100.5 	96.5 
Y20-64,SA,T,I06,CH	105.7 	104.5 	97.6 	108.3 	108.5 	108.6 	108.8 	108.5 	108.0 	107.9 	108.1 	107.6 	107.9 	107.5 	106.9 	107.4 	107.4 	107.7 	108.1 	109.0 	106.4 	106.0 	105.2 	103.5 	104.0 	102.5 	102.0 	100.8 	101.8 	102.0 	102.2 	101.4 	101.4 	101.7 	100.9 	102.0 	101.5 	100.9 	101.3 	101.0 	100.3 	100.4 	99.9 	100.2 b	100.4 	100.6 	100.8 	101.0 	101.3 	101.5 	102.1 	101.3 	100.9 	100.5 	99.9 	100.0 	100.0 	100.0 	100.0 	100.0 
Y20-64,SA,T,I06,CY	107.8 	108.5 	87.2 	109.1 	111.6 	111.4 	112.0 	111.7 	110.4 	109.7 	108.2 	108.1 	105.0 	104.6 	103.2 	102.7 	101.5 	99.9 	100.0 	97.9 	98.2 	97.6 	97.6 	96.9 	98.3 	98.7 	98.4 	98.7 	97.3 	99.5 	98.9 	102.4 	105.8 	106.5 	106.4 	109.0 	108.0 	107.7 	110.4 	109.9 	110.2 	107.0 	109.5 	106.6 	105.3 	105.4 	104.6 	103.5 b	104.8 	105.8 	104.9 	106.2 	105.8 	105.5 	104.6 	104.0 	101.6 	99.7 	99.2 	99.5 
Y20-64,SA,T,I06,CZ	92.4 	94.0 	93.8 	95.7 	98.7 	99.7 	101.4 	101.1 	101.1 	100.5 	100.5 	100.4 	100.1 	99.4 	99.0 	99.9 	100.0 	99.3 	100.2 	99.2 	97.4 	98.5 	97.7 	97.4 	97.8 	97.3 	96.8 	96.3 	96.1 	96.1 	95.5 	95.7 	96.3 	95.7 	96.5 	97.1 	96.8 	97.3 	98.2 	98.3 b	98.4 	98.9 	99.2 	100.0 	99.8 	99.8 	100.1 	100.2 	102.5 	103.8 	103.3 	103.3 	102.2 	101.2 	101.2 	100.8 	100.3 	100.1 	99.9 	99.8 
Y20-64,SA,T,I06,DE	: 	: 	: 	: 	105.6 	102.6 	103.4 	103.7 	103.2 	103.2 	102.8 	103.2 	102.2 	102.9 	102.6 	103.4 	103.9 	102.9 	103.8 	103.0 	100.7 	100.1 	99.9 	99.4 	99.7 	100.0 	99.5 	99.4 	98.5 	98.4 	99.3 	98.7 	98.3 	99.2 	99.1 	99.9 	99.4 	98.9 	99.2 	99.8 	98.9 	98.5 	99.1 	98.5 b	99.4 	98.4 	98.6 	98.5 	101.8 	102.8 	101.9 	101.4 	101.6 	101.4 	100.8 	100.6 	100.7 	100.3 	99.8 	99.2 
Y20-64,SA,T,I06,DK	99.1 	98.8 	97.4 	97.9 	99.5 	99.3 	99.8 	101.0 	100.1 	101.8 	101.3 	100.4 	99.7 	98.3 	99.0 	98.7 b	97.5 	99.0 	98.0 	98.5 b	99.2 	97.3 	97.0 	95.8 	95.8 	95.0 	96.4 	95.0 	95.0 	95.2 	94.8 	95.9 	95.1 	95.1 	95.6 	95.8 	96.7 	96.6 	96.6 	96.7 	95.1 	96.4 	95.8 	95.6 	95.8 	95.3 	96.6 	97.1 	99.8 	100.6 	101.4 	100.3 b	100.2 	100.7 	100.2 	100.9 	100.4 	99.8 	99.5 	100.3 
Y20-64,SA,T,I06,EE	87.8 	88.2 	81.1 	87.0 	91.0 	88.7 	91.5 	91.3 	91.0 	87.9 	92.8 	89.8 	93.5 	92.4 	90.4 	92.5 	90.5 	91.2 	92.3 	88.5 	91.9 	91.9 	90.1 	88.7 	92.0 	88.7 	89.8 	86.7 	90.3 	88.0 	91.6 	86.3 	89.2 	88.4 	90.1 	89.1 	90.1 	91.4 	87.9 	87.8 	86.2 	82.9 	80.0 	81.0 	80.6 	83.1 	84.9 	87.1 	95.4 	100.5 	100.2 	99.7 	99.9 	100.0 	101.0 	99.9 	100.5 	99.4 	101.3 	98.8 
Y20-64,SA,T,I06,EL	78.1 	79.8 	61.2 	80.2 	86.6 	82.5 	83.8 	84.4 	84.2 	83.2 	82.4 	82.4 	82.3 	81.7 	81.5 	81.0 	80.3 	80.2 	80.4 	80.7 	80.0 	79.8 	78.6 	77.4 	77.7 	76.5 	76.7 	76.9 	76.3 	77.0 	77.5 	77.7 	79.1 	79.9 	80.9 	83.7 	85.2 	88.0 	89.7 	91.8 	93.4 	94.4 	96.5 	96.6 	97.1 	98.5 	98.3 	99.0 b	100.5 	99.5 	100.9 	100.3 	99.7 	99.6 	99.3 	99.7 	99.7 	100.3 	99.8 	100.2 
Y20-64,SA,T,I06,ES	88.9 	89.9 	68.7 	92.1 	95.1 	95.5 	95.5 	95.2 	95.0 	94.7 	93.8 	93.0 	91.9 	91.2 	90.8 	90.5 	90.3 	90.4 	90.4 	90.3 	89.8 	89.1 	88.2 	87.4 	87.1 	86.3 	85.8 	85.2 	84.9 	84.7 	84.6 	85.0 	85.6 	86.7 	87.9 	89.3 	90.8 	92.1 	93.2 	93.9 	93.9 	94.3 	94.6 	94.7 	95.4 	95.5 	95.7 	96.1 	102.2 	102.6 	103.0 	103.0 	102.8 	102.4 	101.9 	101.5 	100.8 	100.3 	99.7 	99.2 
Y20-64,SA,T,I06,EU27_2020	96.8 	97.6 	85.9 	97.1 	101.8 	101.3 	101.1 	101.2 	101.0 	100.9 	100.4 	100.4 	100.1 	99.8 	99.8 	100.1 	99.8 	99.5 	99.8 	99.2 	98.4 	98.0 	97.3 	96.0 	97.8 	97.0 	96.3 	95.9 	95.8 	95.7 	95.3 	95.5 	95.9 	96.4 	96.7 	97.4 	97.6 	97.7 	98.4 	98.6 	98.3 	98.5 	98.7 	98.7 	98.9 	99.0 	99.2 	98.9 	102.8 	102.8 	102.7 	102.3 	102.4 	101.9 	101.3 	101.0 	100.7 	100.2 	99.7 	99.4 
Y20-64,SA,T,I06,FI	99.0 	99.7 	95.5 	99.7 	99.7 	100.5 	101.3 	101.2 	100.1 	101.0 	99.8 	100.8 	99.4 	98.0 	98.1 	98.6 	98.3 	96.8 	99.4 	97.7 	96.1 	98.1 	95.8 	95.2 	97.4 	97.6 	96.2 	96.2 	95.8 	96.6 	96.7 	98.3 	97.5 	99.2 	98.8 	99.9 	100.6 	97.4 	100.8 	98.9 	99.8 	97.7 	99.8 	98.8 	97.3 	98.6 	97.5 	97.4 	102.5 	104.5 	103.7 	102.3 	102.1 	100.3 	101.1 	100.8 	100.2 	99.9 	99.2 	100.7 
Y20-64,SA,T,I06,FR	103.1 	103.6 	84.5 	98.6 	105.7 	106.0 	104.9 	104.4 	105.6 	106.0 	103.3 	103.8 	105.6 	103.5 	103.7 	105.1 	102.3 	104.3 	105.9 	104.3 	100.9 	103.4 	101.7 	100.2 	103.7 	102.7 	101.0 	100.9 b	100.7 	102.3 	99.4 	99.3 	102.4 	100.8 	100.8 	103.9 	101.0 	100.3 	103.0 	103.7 	99.7 	101.5 	103.2 	103.4 	98.9 	100.1 	100.7 	99.7 	104.3 	102.5 	103.7 	100.5 	103.0 	100.9 	100.5 	100.2 	101.3 	98.5 	99.5 	100.8 
Y20-64,SA,T,I06,HR	92.5 	96.4 	92.5 	94.2 	97.7 	98.6 	99.9 	101.0 	98.7 	98.5 	99.8 	99.2 	99.2 	99.1 	98.0 	96.9 	96.5 	91.8 	95.4 	93.7 	94.8 	95.7 	95.5 	97.1 	97.9 	98.3 	97.9 	97.1 	96.8 	95.5 	96.9 	96.6 	96.5 	99.5 	100.5 	101.5 	102.8 	103.9 	104.4 	106.0 	107.7 	107.6 	107.7 	109.9 	110.2 	110.7 	112.0 	111.0 	111.9 	112.3 	112.7 	111.1 	111.1 	110.5 	110.5 	108.8 	101.1 	100.4 	98.8 	99.7 
Y20-64,SA,T,I06,HU	104.8 	105.0 	100.2 	105.9 	110.3 	107.4 	107.1 	107.9 	106.2 	107.2 	108.5 	107.3 	106.7 	109.2 	108.2 	109.4 	110.2 	108.5 	108.4 	105.9 	104.5 	103.0 	102.3 	102.3 	101.6 	102.0 	99.7 	99.3 	98.0 	96.1 	95.0 	93.3 	90.3 	95.7 	95.8 	94.5 	95.0 	94.3 	94.1 	93.7 	94.6 	94.4 	94.3 	94.8 	94.0 	93.9 	95.5 	95.0 	96.9 	98.1 	97.5 	99.0 	98.7 	98.9 	99.5 	99.7 	100.1 	99.7 	100.1 	100.0 
Y20-64,SA,T,I06,IE	99.1 	101.2 	84.7 	105.0 	107.0 	107.6 	107.8 	107.3 	105.8 	104.8 	104.8 	103.6 	103.9 	103.8 b	102.4 	102.4 	101.1 	100.0 	99.6 	98.2 	96.4 	96.2 	95.5 	94.6 	94.6 	93.2 	92.3 	91.6 	91.1 	90.4 	89.5 	88.3 	87.2 	86.5 	86.0 	86.2 	86.7 	86.6 	87.3 	87.5 	87.2 	88.3 	89.3 	90.5 	90.1 	92.4 	93.9 	96.2 	100.5 	102.0 	104.2 	104.3 	105.6 	105.2 	104.6 	103.7 b	102.3 	100.4 	99.3 	97.9 
Y20-64,SA,T,I06,IS	104.1 b	109.2 	103.1 	110.3 	114.4 	111.5 	114.4 	112.0 	112.0 	113.5 	111.6 	112.7 	110.6 	108.9 	111.9 	109.9 	108.5 	112.2 	107.7 	107.1 	107.7 	105.6 	106.7 	103.6 	103.3 	104.5 	102.8 	98.4 	98.5 	97.9 	96.8 	94.1 	94.1 	94.5 	94.7 	95.5 	95.0 	94.8 	91.7 	95.6 	92.4 	90.1 	94.5 	93.7 	95.5 	92.2 	94.5 	94.2 	101.9 	106.1 	107.1 	104.8 	104.5 	100.6 	103.3 	103.9 	103.7 	101.2 	97.3 	97.8 
Y20-64,SA,T,I06,IT	91.7 	95.4 	76.0 	89.2 	99.5 	99.2 	99.0 	99.3 	99.2 	99.2 	99.3 	98.6 	98.7 	98.3 	97.2 	97.9 	97.2 	96.7 	97.9 	95.6 	94.7 	94.4 	93.8 	93.0 	93.8 	92.9 	92.7 	93.0 	93.0 	93.1 	93.4 	93.8 	94.2 	95.0 	95.6 	96.2 	97.3 	98.0 	98.4 	98.6 	98.2 	98.1 	98.0 	98.2 	97.8 	97.7 	97.5 	96.9 	101.1 	101.1 	101.1 	100.8 	101.1 	101.0 	100.6 	100.8 	100.3 	100.1 	100.0 	99.6 
Y20-64,SA,T,I06,LT	88.5 	89.7 	82.4 	91.1 	93.2 	93.4 	93.7 	94.1 	93.9 	94.0 	92.8 	92.4 	90.9 	90.7 	92.3 	92.5 	94.0 	94.7 	93.6 	94.0 	93.0 	91.6 	92.3 	91.8 	90.4 	90.5 	89.6 	89.2 	88.9 	88.4 	88.5 	88.5 	87.6 	87.9 	88.3 	87.8 	87.4 	85.4 	87.6 	86.8 	88.2 	88.8 	86.6 	86.8 	88.8 	89.8 	91.6 	94.7 	99.8 	101.6 	103.1 	103.3 	103.3 	103.1 	102.1 	102.0 	100.6 	99.4 	100.3 	99.6 
Y20-64,SA,T,I06,LU	155.4 	154.2 	140.8 	147.4 	154.6 	153.0 	155.2 	154.0 	152.2 	152.2 	145.4 	146.7 	142.9 	144.5 	142.8 	142.9 	139.8 	144.5 	139.4 	140.7 	140.0 	134.3 	135.8 	136.5 b	132.6 	128.2 	127.2 	121.7 	120.7 	119.7 	126.9 	116.1 	123.3 	120.6 	120.3 	120.5 	112.2 	111.8 	113.3 	116.3 	112.0 	109.8 	113.2 	108.4 	111.8 	110.8 	115.9 	110.8 b	93.5 	99.0 	106.4 	101.0 	108.7 	104.0 	101.0 	107.2 b	98.9 	108.0 	96.9 	96.2 
Y20-64,SA,T,I06,LV	71.1 	73.0 	70.3 	74.8 	76.1 	76.6 	76.0 	76.5 	78.0 	78.2 	79.8 	80.1 	78.6 	77.4 	76.6 	78.1 	77.8 	77.3 	79.4 	78.6 	77.8 	79.0 	79.2 	79.8 	79.6 	79.3 	80.2 	80.0 	80.2 	79.6 	80.0 	80.7 	79.5 	79.5 	78.6 	77.3 	79.1 	78.5 	78.6 	79.3 	77.9 	77.8 	76.0 	76.1 	77.8 	79.6 	84.0 	86.8 	91.0 	95.8 	98.5 	98.9 	100.7 	101.1 	99.9 	100.3 	100.2 	99.8 	99.6 	100.3 
Y20-64,SA,T,I06,MK	129.3 	123.1 	104.3 	125.2 	134.8 	135.4 	136.9 	136.6 	131.5 	132.3 	131.2 	126.5 	128.7 	131.3 	134.4 	131.4 	129.9 	125.1 	125.1 	127.1 	124.8 	123.9 	122.1 	123.1 	124.3 	122.5 	120.2 	119.0 	119.4 	120.3 	119.6 	119.2 	115.5 	113.4 	112.8 	110.9 	109.3 	110.3 	111.8 	111.1 	111.8 	111.2 	110.7 	103.6 	110.6 	110.2 	112.1 	104.0 	108.4 	108.7 	107.5 	107.4 	103.2 	103.4 	105.2 	104.3 	100.2 	102.5 	99.9 	97.4 
Y20-64,SA,T,I06,MT	163.7 	161.0 	148.0 	169.8 	176.5 	166.9 	167.8 	170.3 	158.2 	157.1 	155.7 	148.9 	148.1 	142.4 	139.1 	141.2 	136.5 	137.8 	137.5 	132.4 	128.6 	125.4 	127.5 	122.6 	122.2 	123.4 	119.5 	117.8 	120.0 	117.4 	114.8 	112.9 	113.4 	110.9 	110.4 	110.4 	107.6 	104.8 	106.2 	107.8 	107.3 	107.8 	106.6 	108.8 	109.8 	107.0 	105.7 	105.6 	105.0 	109.0 	107.6 	104.9 	104.2 	104.3 	103.0 	102.2 	100.1 	99.0 	101.1 	99.8 
Y20-64,SA,T,I06,NL	107.7 	110.0 	104.0 	109.1 	110.3 	109.9 	111.1 	109.5 	108.9 	107.8 	106.8 	106.1 	106.5 	107.2 	106.4 	105.5 	105.3 	104.5 	103.8 	104.5 	102.2 	102.1 	100.5 	102.1 	102.1 	101.5 	102.4 	100.8 	102.1 	101.1 	100.8 	99.3 	101.9 	101.7 	102.1 	102.3 	102.2 	101.4 	102.8 	104.2 	101.9 	102.8 	99.5 	102.1 	101.0 	101.9 	103.7 	103.8 	103.7 	103.8 	104.1 	101.1 	102.3 	101.8 	101.7 	101.7 	100.7 	99.2 	99.9 	100.2 
Y20-64,SA,T,I06,NO	105.0 	108.1 	105.7 	106.0 	109.7 	109.5 	110.0 	109.9 	110.0 	111.0 	108.9 	109.7 	108.5 	107.4 	107.9 	110.4 	110.0 	106.9 	107.5 	109.4 	105.5 	109.7 	107.9 	107.0 	108.8 	109.9 	110.3 	107.4 	107.9 	105.8 	106.7 	105.8 	105.5 	108.4 	107.0 	107.5 	108.4 	102.9 	103.8 	105.5 	103.0 	100.8 	104.2 	102.4 	99.7 	102.6 	105.0 	101.7 	105.8 	107.3 	107.9 	102.1 	103.7 	102.4 	100.7 	101.4 	101.4 	100.2 	97.4 	100.9 
Y20-64,SA,T,I06,PL	103.3 	104.1 	95.2 	104.0 	104.9 	104.3 	104.2 	108.4 	104.9 	105.6 	105.4 	106.4 	106.4 	106.7 	107.6 	109.0 	108.1 	107.5 	108.8 	107.2 	107.4 	107.4 	107.1 	105.9 	106.7 	105.3 	104.7 	104.2 	103.0 	103.4 	102.7 	102.4 	103.3 	103.5 	103.4 	104.4 	103.9 	103.7 	104.3 	104.5 	103.7 	103.6 	103.5 	103.0 b	104.9 	106.2 	106.8 	106.9 	107.6 	106.9 	107.8 	106.8 	105.2 	104.6 	103.6 	103.6 	102.7 	101.3 	99.1 	97.0 
Y20-64,SA,T,I06,PT	86.3 	85.3 	66.6 	86.0 	92.3 	91.0 	90.1 	90.9 	90.9 	90.8 	90.1 	89.0 	88.2 	89.5 	88.3 	88.7 	85.3 	84.9 	86.3 	86.2 	86.3 	86.4 	86.6 	84.3 	85.6 	85.1 	84.4 	83.5 	85.3 	81.9 	81.6 	80.3 	82.2 	83.7 	85.1 	88.1 	88.1 	89.2 	91.3 	91.8 b	92.0 	95.6 	95.7 	96.0 	94.9 	94.2 	95.4 	96.4 	98.5 	98.3 	98.7 	98.3 	99.1 	98.8 	97.1 	98.7 	97.6 	100.2 	100.8 	101.4 
Y20-64,SA,T,I06,RO	92.0 	91.6 	79.7 	93.5 	94.7 	94.2 	93.9 	94.0 	93.4 	93.8 	93.2 	93.3 	93.3 	93.6 	94.0 	93.0 	91.8 	91.5 	90.8 	91.8 	91.5 	91.3 	91.2 	90.6 	92.4 	92.3 	91.9 	92.9 	91.9 	91.6 	92.1 	91.7 	92.4 	92.5 	92.4 	91.9 	91.5 	91.2 	91.2 	92.4 	92.4 	93.6 	94.8 	92.9 b	98.2 	99.2 	99.2 	99.5 	100.6 	100.4 	100.4 	100.8 	100.8 	99.9 	100.4 	100.5 	99.4 	100.9 	100.2 	99.5 
Y20-64,SA,T,I06,SE	108.0 	107.7 	109.0 	110.5 	114.1 	113.5 	114.0 	113.9 	114.5 	114.1 b	113.4 	116.0 	113.8 	113.0 	112.3 	112.7 	111.3 	111.4 	112.3 	110.4 	106.4 	108.1 	108.6 	105.4 	108.5 	108.3 	107.0 	104.3 	106.9 	106.5 	104.4 	106.1 	105.5 	105.8 	104.9 	106.5 	106.4 	105.5 	106.2 	105.9 	104.0 	103.6 	104.3 	102.8 	98.4 	102.4 	100.4 	99.6 	104.0 	102.1 	105.6 	103.2 	103.8 	102.5 	101.8 	103.0 	101.7 	99.9 	98.2 	100.2 
Y20-64,SA,T,I06,SI	97.4 	98.7 	84.9 	98.2 	98.8 	101.3 	99.0 	99.8 	99.2 	98.9 	98.1 	97.9 	97.2 	95.3 	95.3 	96.5 	93.5 	94.0 	96.3 	94.6 	95.2 	95.1 	93.5 	93.4 	93.0 	92.7 	94.3 	93.7 	92.0 	93.6 	94.8 	94.6 	95.7 	96.3 	91.5 	94.8 	96.1 	93.8 	95.4 	94.4 	98.0 	96.2 	98.1 	97.3 	100.1 	97.2 	97.1 	99.1 	100.9 	102.1 	103.9 	102.6 	102.5 	102.6 	102.4 	101.3 	97.7 	100.4 	100.7 	101.2 
Y20-64,SA,T,I06,SK	97.6 	103.8 	85.0 	96.3 	106.4 	105.3 	105.2 	105.3 	104.8 	103.8 	103.7 	102.6 	102.3 	102.9 	101.8 	102.9 	102.3 	101.7 	103.3 	102.3 	102.3 	101.8 	98.4 	97.6 	97.9 	97.4 	97.4 	97.9 	98.0 	98.3 	98.3 	98.1 	98.1 	98.7 	98.0 	98.4 	98.2 	97.7 	98.5 	99.0 b	98.7 	98.7 	99.1 	98.7 	98.8 	99.7 	99.5 	99.9 	105.1 	104.7 	105.0 	104.2 	103.4 	103.1 	101.7 	101.8 	100.5 	99.9 	100.0 	99.6 
Y20-64,SA,T,I06,TR	110.5 	112.1 	80.9 	115.1 	118.7 	119.0 	118.8 	120.4 	120.7 	122.4 	124.4 	124.9 	125.2 	124.6 	122.2 	121.1 	119.8 	118.7 	120.2 	119.8 	120.1 	118.7 	118.1 	116.9 	115.8 	117.6 	116.7 	117.0 b	116.8 	112.2 	116.5 	116.3 	117.2 	115.9 	113.9 	111.8 	106.3 	111.2 	109.3 	109.2 	109.2 	97.8 	102.5 	101.7 	100.7 	99.7 	97.7 	97.5 	99.0 	100.0 	100.9 	102.3 	98.1 	98.7 	99.0 	97.4 	99.7 	100.1 	100.1 	100.1 
Y20-64,SA,T,I06,UK	: 	99.0 	91.7 	111.0 	112.2 	112.3 	113.2 	113.6 	111.6 	111.3 	111.7 	111.0 	109.5 	109.5 	111.2 	111.2 	109.0 	108.8 	110.4 	108.9 	106.3 	106.5 	106.7 	106.6 	106.8 	106.2 	106.0 	104.6 	103.5 	103.4 	103.1 	102.1 	101.5 	101.3 	101.2 	100.7 	99.2 	99.1 	100.2 	101.1 	98.9 	98.8 	98.8 	98.1 	98.8 	98.3 	98.7 	99.9 	100.4 	101.7 	101.1 	100.2 b	102.3 	101.7 	100.0 	99.8 b	101.3 	100.4 	99.0 	99.3 
